http://www.theverge.com/2014/1/13/5290600/toyota-ft-1-concept-car-gran-turismo-6,design
http://www.theverge.com/2014/1/16/5315248/hershey-3d-systems-3d-printed-chocolate-candy-partnership,design
http://www.theverge.com/2014/11/12/7205105/twitter-says-it-has-500-million-monthly-users-who-dont-log-in,business
http://www.theverge.com/2014/11/12/7210621/dji-inspire-one,business
http://www.theverge.com/2014/11/12/7201969/youtube-music-key-new-subscription-service,business
http://www.theverge.com/2014/11/14/7222055/att-questioned-by-fcc-for-halting-fiber-rollout,business
http://www.theverge.com/2014/11/13/7213775/taylor-swift-spotify-borchetta-royalties,business
http://www.theverge.com/2014/11/14/7222899/ad-hoc-visa-ups-fcc-title-ii-net-neutrality,business
http://www.theverge.com/2014/11/13/7214251/wildcard-search-open-web-native-app-cards,business
http://www.theverge.com/2014/11/18/7240113/small-empires-season-2-episode-4-wattpad,business
http://www.theverge.com/2014/11/18/7240077/the-new-nokia,business
http://www.theverge.com/2015/3/30/8314661/google-jim-hood-court-order,us-world
http://www.theverge.com/2015/3/31/8319411/facebook-tracking-cookies-eu-report,us-world
http://www.theverge.com/2015/3/30/8314095/senate-panel-white-house-google-ftc,us-world
http://www.theverge.com/2015/3/30/8314851/reddit-dark-web-evolution-subpoenas,us-world
http://www.theverge.com/2015/3/31/8319375/autofill-error-leaks-obama-details,us-world
http://www.theverge.com/2015/3/30/8312345/stubhub-sues-ticketmaster-nba-golden-state-warriors,us-world
http://www.theverge.com/2015/7/15/8973605/neil-young-leaving-streaming-pono-apple-music-spotify,entertainment
http://www.theverge.com/2015/7/15/8971233/the-act-of-killing-joshua-oppenheimer-interview-the-look-of-silence-documentary,entertainment
http://www.theverge.com/2015/7/15/8968437/ant-man-director-peyton-reed-interview,entertainment
http://www.theverge.com/2015/7/15/8975187/disney-aladdin-genie-live-action-movie,entertainment
http://www.theverge.com/2015/7/15/8973625/hulu-apple-watch-remote,entertainment
http://www.theverge.com/2015/7/15/8970237/narcos-netflix-first-trailer-pedro-pascal-wagner-moura,entertainment
http://www.theverge.com/2015/7/15/8974667/hbo-going-clear-limited-theatrical-release,entertainment
http://www.theverge.com/2015/7/16/8976211/acoustics-reverb-wikisinger,entertainment
http://www.theverge.com/2015/7/15/8975705/philips-hue-lights-sharknado-3-xbox-one-game-chariot,entertainment
http://www.theverge.com/2015/8/20/9183433/google-photos-timehop-opt-in,tech
http://www.theverge.com/2015/8/20/9183807/google-project-ara-better-camera-battery,tech
http://www.theverge.com/2015/8/20/9183295/google-translate-android-wear-launch,tech
http://www.theverge.com/2015/8/20/9184195/this-backlit-diy-control-panel-is-extremely-dope,tech
http://www.theverge.com/2015/8/20/9183897/swarm-leaderboards-return-with-virtual-coins,tech
http://www.theverge.com/2015/8/20/9182855/google-android-wear-interactive-watch-faces-announced,tech
http://www.theverge.com/2015/3/5/8156703/suicide-rates-statistics-young-adults-us,science
http://www.theverge.com/2015/3/4/8149413/injection-stops-bleeding-death-polystat,science
http://www.theverge.com/2015/3/4/8148081/mcdonalds-antibiotics-chicken,science
http://www.theverge.com/2015/3/6/8160757/nasa-dawn-ceres-probe-orbit,science
http://www.theverge.com/2015/3/4/8118009/bbc-radio-4-brian-cox-interview-infinite-monkey-cage-us-tour,science
http://www.theverge.com/2015/3/5/8151305/cavities-black-children-race-us,science
http://www.theverge.com/2015/3/4/8148511/homo-genus-fossil-earliest-found,science
http://www.theverge.com/2015/3/5/8157863/mars-ocean-arctic-nasa-research-water,science
http://www.theverge.com/2015/3/5/8155725/fukushima-nuclear-disaster-farming-chemical-study,science
http://www.theverge.com/2015/3/6/8160801/hello-ceres-nasas-dawn-probe-is-the-first-to-orbit-a-dwarf-planet,science
http://www.theverge.com/2015/7/23/9024561/converse-chuck-taylor-all-star-II-sneaker-for-old-feet,culture
http://www.theverge.com/2014/12/26/7451199/tesla-announces-roadster-3-0-an-upgrade-package-with-massive-range,transportation
http://www.theverge.com/2014/12/31/7474057/elon-musk-says-tesla-automatic-car-charger-solid-metal-snake,transportation
http://www.theverge.com/2014/12/30/7467253/Air-asia-qz8501-recovery,transportation
http://www.theverge.com/2014/12/25/7448935/lg-mercedes-benz-driverless-car-stereo-camera,transportation
http://www.theverge.com/2014/12/29/7463621/2014-fewest-flight-crashes-in-decades,transportation
http://www.theverge.com/2014/12/26/7450365/tesla-roadster-upgrade-400-miles-range,transportation
http://www.theverge.com/2014/12/30/7468231/tesla-model-s-p85d-drag-race,transportation
http://www.theverge.com/2014/1/10/5294550/san-francisco-muni-logo-redesign,design
http://www.theverge.com/2014/1/7/5286410/lencos-glass-top-turntable-is-a-gorgeous-version-of-your-parents,design
http://www.theverge.com/2014/1/10/5295754/i-am-the-interface,design
http://www.theverge.com/2014/1/6/5281882/makerbot-replicator-mini-announced-ces-2014,design
http://www.theverge.com/2014/1/8/5286444/urb-e-folding-lightweight-electric-scooter-bizarre,design
http://www.theverge.com/2014/1/10/5294146/booth-robots-and-the-aesthetics-of-the-humanoid,design
http://www.theverge.com/2014/1/6/5280322/nissan-reimagines-the-iconic-london-black-ca,design
http://www.theverge.com/2014/1/7/5286644/the-designers-behind-webos-tv-explain-why-its-a-little-bit-snarky,design
http://www.theverge.com/2014/1/8/5285442/stop-the-apple-picking-yellow-jacket-is-an-iphone-case-and-a-stun-gun,design
http://www.theverge.com/2014/1/8/5289998/zte-shows-off-eco-mobius-modular-smartphone-concept,design
http://www.theverge.com/2014/11/11/7191625/small-empires-season-2-episode-3-two-roads-brewing-company,business
http://www.theverge.com/2014/11/10/7190057/nasa-leases-moffett-airfield-to-google-60-years,business
http://www.theverge.com/2014/11/5/7163147/mcx-currentc-ceo-interview-apple-pay,business
http://www.theverge.com/2014/11/11/7193765/quirky-ge-wink-uniq-spotter-norm-factory,business
http://www.theverge.com/2014/11/6/7167097/cbsn-live-online-news-channel-launches-from-cbs,business
http://www.theverge.com/2014/11/7/7175567/at-t-expands-beyond-the-us-with-2-5-billion-purchase-of-mexican,business
http://www.theverge.com/2014/11/11/7192929/skype-for-business-lync-replacement,business
http://www.theverge.com/2014/11/6/7164755/lytro-now-has-a-development-kit,business
http://www.theverge.com/2014/11/6/7164543/scribd-adds-audiobooks-to-ebook-subscription-service,business
http://www.theverge.com/2014/11/5/7163781/tesla-pushes-model-x-launch-to-third-quarter-of-2015,business
http://www.theverge.com/2015/3/29/8309843/apples-tim-cook-speaks-out-against-discriminatory-religious-freedom,us-world
http://www.theverge.com/2015/3/30/8312327/attacker-nsa-headquarters-fort-meade,us-world
http://www.theverge.com/2015/3/27/8299701/tsa-spot-terrorist-checklist,us-world
http://www.theverge.com/2015/3/26/8281973/kleiner-perkins-gender-discrimination-trial-final-arguments,us-world
http://www.theverge.com/2015/3/27/8302571/google-denies-ftc-influence,us-world
http://www.theverge.com/2015/3/27/8281981/ellen-pao-kleiner-perkins-verdict,us-world
http://www.theverge.com/2015/3/27/8299555/github-china-ddos-censorship-great-firewall,us-world
http://www.theverge.com/2015/7/15/8968345/satoru-iwata-heart-of-a-gamer-gdc-2005-video,entertainment
http://www.theverge.com/2015/7/15/8969861/spike-lee-chiraq-amazon-original-movie,entertainment
http://www.theverge.com/2015/7/15/8969671/a-photo-tour-of-comic-con-2015,entertainment
http://www.theverge.com/2015/7/14/8967321/nosferatu-director-head-stolen-from-grave,entertainment
http://www.theverge.com/2015/7/14/8965297/the-rock-dwayne-johnson-instagram-finger,entertainment
http://www.theverge.com/2015/7/14/8963045/tame-impala-currents-album-review,entertainment
http://www.theverge.com/2015/7/15/8969899/joy-trailer-jennifer-lawrence-bradley-cooper,entertainment
http://www.theverge.com/2015/7/14/8965585/fight-club-rock-opera-david-fincher-trent-reznor,entertainment
http://www.theverge.com/2015/7/14/8962557/batman-arkham-knight-1989-movie-batmobile-season-pass,entertainment
http://www.theverge.com/2015/8/20/9181451/samsung-galaxy-note-5-review,tech
http://www.theverge.com/2015/8/20/9178625/giphy-cam-crazy-fun-iphone-gif-maker,tech
http://www.theverge.com/2015/8/20/9181927/huawei-honor-7i-camera-fingerprint-scanner-android,tech
http://www.theverge.com/2015/8/20/9177253/google-alphabet-quiz,tech
http://www.theverge.com/2015/8/20/9179853/tech-diversity-scorecard-apple-google-microsoft-facebook-intel-twitter-amazon,tech
http://www.theverge.com/2015/8/20/9181253/microsoft-surface-pro-4-hardware-event-launch-october-rumors,tech
http://www.theverge.com/2015/8/20/9178923/ralph-laurens-polotech-smart-shirt-is-the-ultimate-preppy-tech,tech
http://www.theverge.com/2015/8/20/9181917/samsung-galaxy-s6-edge-plus-review,tech
http://www.theverge.com/2015/8/20/9181889/bing-launches-android-google-now-on-tap-competitor,tech
http://www.theverge.com/2015/3/4/8146789/climate-change-syria-war-drought-study,science
http://www.theverge.com/2015/3/1/8130017/spacex-falcon-9-rocket-launch-successful,science
http://www.theverge.com/2015/3/2/8134883/supreme-court-case-dna-evidence-cotton-swab,science
http://www.theverge.com/2015/3/2/8133819/light-particle-wave-quantum-experiment,science
http://www.theverge.com/2015/3/2/8134541/nyc-bubonic-plague-fleas-rats,science
http://www.theverge.com/2015/3/3/8139709/north-korea-ends-travel-ban-ebola,science
http://www.theverge.com/2015/3/3/8144617/weasel-woodpecker-photo-acceptance,science
http://www.theverge.com/2014/12/22/7434715/google-first-complete-prototype-autonomous-car-photo,transportation
http://www.theverge.com/2014/12/22/7435701/oatmeal-tries-google-driverless-car-cartoon-impressions,transportation
http://www.theverge.com/2014/12/19/7423169/tesla-to-start-battery-swap-pilot-program-with-model-s-owners-next,transportation
http://www.theverge.com/2014/12/21/7431399/cadillac-video-rearview-mirror,transportation
http://www.theverge.com/2014/12/22/7433321/beat-airport-security-leaked-cia-documents,transportation
http://www.theverge.com/2014/12/23/7439259/elon-musk-teases-tesla-revealing-a-new-roadster,transportation
http://www.theverge.com/2014/12/24/7447693/uber-hits-taxi-with-surcharge-christmas-email,transportation
http://www.theverge.com/2014/12/22/7433751/nasa-scientists-propose-sending-humans-to-the-skies-of-venus,transportation
http://www.theverge.com/2014/1/5/5277222/spy-150-cctv-cameras-pointed-at-nothing,design
http://www.theverge.com/2014/1/6/5279824/makerbot-riverhead-books-3d-printed-book-cover,design
http://www.theverge.com/2014/1/3/5269294/norman-foster-skycycle-london-cycling-network,design
http://www.theverge.com/2014/1/2/5267820/photos-glass-virus-sculptures-by-luke-jerram,design
http://www.theverge.com/2014/1/2/5267800/luke-jerram-glass-microbiology-gorgeous-sculptures-of-deadly-viruses,design
http://www.theverge.com/2014/1/5/5277252/spy-150-cctv-cameras-installation,design
http://www.theverge.com/2014/1/5/5277946/holi-lamp-lets-you-set-the-mood-with-your-iphone,design
http://www.theverge.com/2014/1/6/5279220/rebooting-webos-how-lg-rethought-the-smart-tv,design
http://www.theverge.com/2014/1/6/5280372/nissan-nv200-london-taxi,design
http://www.theverge.com/2014/1/4/5271868/apple-engineer-builds-programmable-drawing-machine-out-of-legos,design
http://www.theverge.com/2014/10/31/7135639/slack-is-now-the-fastest-growing-workplace-software-ever,business
http://www.theverge.com/2014/10/31/7138449/m-lab-netflix-comcast-verizon-isp-business-dispute-congestion-traffic-interconnection,business
http://www.theverge.com/2014/10/31/7136855/starbucks-will-begin-delivery-service-next-year,business
http://www.theverge.com/2014/11/4/7151873/small-empires-season-2-episode-2-open-english,business
http://www.theverge.com/2014/11/3/7149771/taylor-swift-removes-all-her-albums-from-spotify,business
http://www.theverge.com/2014/11/4/7150225/uber-is-recruiting-50000-veterans,business
http://www.theverge.com/2014/10/31/7140051/fcc-hybrid-plan-net-neutrality-fast-lanes-common-carrier-title-ii,business
http://www.theverge.com/2014/11/4/7153975/dropbox-microsoft-partnership-microsoft-office,business
http://www.theverge.com/2014/11/4/7155415/how-much-does-uber-cost-in-your-city,business
http://www.theverge.com/2015/3/25/8287821/washington-dc-911-dispatch-system-failures,us-world
http://www.theverge.com/2015/3/25/8288333/fbi-drone-program-department-of-justice-customs-atf,us-world
http://www.theverge.com/2015/3/25/8288079/tennessee-sues-fcc-municipal-broadband,us-world
http://www.theverge.com/2015/3/25/8293417/the-ftc-explains-why-it-didnt-sue-google-antitrust,us-world
http://www.theverge.com/2015/3/25/8288541/tech-firms-urge-patriot-act-reform,us-world
http://www.theverge.com/2015/3/25/8287961/google-ftc-white-house-lobbying,us-world
http://www.theverge.com/2015/3/24/8285167/google-fiber-salt-lake-city-launch,us-world
http://www.theverge.com/2015/3/26/8291425/zero-day-exploit-security-research-espionage-cyber-police,us-world
http://www.theverge.com/2015/7/14/8962579/emmy-voters-chromecast-screeners,entertainment
http://www.theverge.com/2015/7/14/8951261/until-dawn-playstation-4-preview,entertainment
http://www.theverge.com/2015/7/14/8959595/fantastic-four-trailer-comic-con-2015,entertainment
http://www.theverge.com/2015/7/14/8962581/marvel-classic-hip-hop-variant-comic-book-covers,entertainment
http://www.theverge.com/2015/7/14/8962453/armada-book-review-ernest-cline-nostalgia,entertainment
http://www.theverge.com/2015/7/14/8961617/lana-del-rey-new-song-honeymoon,entertainment
http://www.theverge.com/2015/7/14/8958289/comcast-ea-xfinity-games,entertainment
http://www.theverge.com/2015/8/19/9179413/google-explains-project-ara-delay,tech
http://www.theverge.com/2015/8/19/9179225/directv-4k-genie-mini-set-top-box,tech
http://www.theverge.com/2015/8/20/9181269/gartner-q2-2015-smartphone-sales,tech
http://www.theverge.com/2015/8/20/9181251/sony-smartband-2-price-availability,tech
http://www.theverge.com/2015/8/19/9179497/whatsapp-web-now-available-on-iphone,tech
http://www.theverge.com/2015/8/19/9179889/blackberry-android-phone-venice-photos,tech
http://www.theverge.com/2015/2/26/8080073/university-oklahoma-animal-abuse-baboons-usda,science
http://www.theverge.com/2015/2/26/8112889/vertical-farm-wyoming-hydroponics-grow-food,science
http://www.theverge.com/2015/2/26/8114765/ebola-drug-block-infection-banned,science
http://www.theverge.com/2015/2/27/8119579/ketamine-schedule-i-puts-women-at-risk,science
http://www.theverge.com/2015/2/26/8116853/NASA-precipitation-map-rain-snow,science
http://www.theverge.com/2015/2/25/8108983/fukushima-radioactive-leak-tepco-delay,science
http://www.theverge.com/2015/2/26/8113855/fruits-vegetables-marketing-campaign-fnv,science
http://www.theverge.com/2015/2/27/8122913/exxonmobil-climate-change-denier-willie-soon,science
http://www.theverge.com/2015/3/1/8129909/livestream-spacex-falcon-9-rocket-launch,science
http://www.theverge.com/2015/2/27/8121471/scopes-ucla-superbug-deaths-past-outbreaks,science
http://www.theverge.com/2015/7/22/9014513/poetry-sharknado-tumblr-the-wildflower-mystery-author,culture
http://www.theverge.com/2014/12/18/7414723/spacex-delays-falcon-9-rocket-launch,transportation
http://www.theverge.com/2014/12/16/7402307/google-pushes-back-the-deadline-for-lunar-xprize,transportation
http://www.theverge.com/2014/12/16/7400797/bmw-self-parking-assistant,transportation
http://www.theverge.com/2014/12/15/7396097/athena-is-the-first-humanoid-robot-to-be-a-paying-airline-passenger,transportation
http://www.theverge.com/2014/12/16/7401041/uber-letter-al-franken-employee-tracked-journalist-god-view,transportation
http://www.theverge.com/2014/12/17/7407775/infinitis-concept-vision-gran-turismo-supercar-debuts-on-playstation-3,transportation
http://www.theverge.com/2014/12/17/7407773/infiniti-concept-vision-gran-turismo-photos,transportation
http://www.theverge.com/2014/12/17/7408979/texas-plumbers-truck-somehow-ends-up-in-syrian-civil-war,transportation
http://www.theverge.com/2014/12/18/7418387/the-slow-humble-return-of-the-hyperloop,transportation
http://www.theverge.com/2014/12/18/7417957/google-reportedly-wants-android-to-replace-your-cars-infotainment,transportation
http://www.theverge.com/2013/12/28/5250574/98-year-old-photo-negatives-discovered-in-antarctica,design
http://www.theverge.com/2013/12/31/5260806/sound-of-the-earth-recording-lotte-geeven,design
http://www.theverge.com/2013/12/21/5234062/artists-design-iconic-architecture-using-only-gingerbread-and-candy,design
http://www.theverge.com/2014/1/2/5264580/the-lost-secrets-of-webos,design
http://www.theverge.com/2013/12/25/5243788/see-a-single-sheet-of-plastic-become-a-3d-leica-puzzle,design
http://www.theverge.com/2013/12/30/5256906/new-york-times-magazine-arem-duplessis-becomes-apple-creative-director,design
http://www.theverge.com/2014/1/2/5266704/street-lamps-transform-montreal-into-a-living-comic-book,design
http://www.theverge.com/2013/12/25/5242866/famous-typeface-destroyed-a-century-ago-is-brought-back-to-life,design
http://www.theverge.com/2013/12/27/5247944/the-awl-history-of-grunge-typography,design
http://www.theverge.com/2014/10/31/7136537/sony-earnings-q2-2014,business
http://www.theverge.com/2014/10/30/7131081/instagram-video-ads-launching-today,business
http://www.theverge.com/2014/10/30/7134235/why-twitters-new-head-of-product-could-be-the-one-to-fix-it,business
http://www.theverge.com/2014/10/30/7130753/xiaomi-becomes-worlds-third-biggest-smartphone-maker-without-leaving-asia,business
http://www.theverge.com/2014/10/30/7133541/starz-hints-at-subscriptions-without-cable-just-like-hbo,business
http://www.theverge.com/2014/10/30/7131155/dwolla-bbva-fisync,business
http://www.theverge.com/2014/10/30/7129199/mysterious-smart-energy-company-raises-150-million-led-by-ex-htc-executive,business
http://www.theverge.com/2014/10/30/7132059/meijer-breaks-with-other-currentc-retailers-to-accept-mobile-payments,business
http://www.theverge.com/2014/10/30/7130867/samsung-will-fundamentally-reform-its-smartphones-after-dire-earnings,business
http://www.theverge.com/2014/10/29/7088939/soon-youll-be-able-to-own-a-piece-of-ferrari,business
http://www.theverge.com/2015/3/23/8280497/net-neutrality-lawsuit-ustelecom-alamo-broadband-fcc,us-world
http://www.theverge.com/2015/3/24/8282981/oakland-license-plate-reader-database-privacy,us-world
http://www.theverge.com/2015/3/24/8281977/ellen-pao-kleiner-perkins-arguments-jury,us-world
http://www.theverge.com/2015/3/23/8278127/ftc-office-technology-research-investigation-otri-announced,us-world
http://www.theverge.com/2015/3/23/8280383/fcc-spectrum-auction-dish-public-notice,us-world
http://www.theverge.com/2015/3/24/8282275/utah-firing-squad-lethal-injection-death-penalty,us-world
http://www.theverge.com/2015/3/23/8280125/nazi-hideout-argentina-discovered-report,us-world
http://www.theverge.com/2015/7/13/8950755/heroes-reborn-tim-kring-reboot-comic-con-2015,entertainment
http://www.theverge.com/2015/7/13/8949851/hip-tanaka-satoru-iwata-tribute-song,entertainment
http://www.theverge.com/2015/7/13/8937301/sdcc-2015-best-trailers,entertainment
http://www.theverge.com/2015/7/13/8949915/rocket-league-ps4-pc-playstation-plus,entertainment
http://www.theverge.com/2015/7/14/8953825/playstation-mobile-games-shutdown,entertainment
http://www.theverge.com/2015/7/13/8950017/star-wars-concert-comic-con-2015,entertainment
http://www.theverge.com/2015/7/13/8933515/dc-suicide-squad-movie-trailer-comic-con-2015,entertainment
http://www.theverge.com/2015/7/13/8947249/show-me-a-hero-hbo-david-simon-oscar-isaac,entertainment
http://www.theverge.com/2015/8/19/9172949/terrible-wearable-name-quiz,tech
http://www.theverge.com/2015/8/19/9178479/ashley-madison-full-delete-made-millions,tech
http://www.theverge.com/2015/8/19/9176639/5-rules-internet,tech
http://www.theverge.com/2015/8/19/9177749/samsung-gear-s2-smartwatch-teaser-video,tech
http://www.theverge.com/2015/8/19/9178409/india-solar-power-airport,tech
http://www.theverge.com/2015/8/19/9178965/ashley-madison-hacked-news-data-names-list,tech
http://www.theverge.com/2015/8/19/9174109/technology-release-date-quiz,tech
http://www.theverge.com/2015/2/25/8104825/gardasil-works-so-why-arent-more-girls-getting-innoculated,science
http://www.theverge.com/2015/2/22/8085303/climate-change-denier-paid-wei-hock-soon,science
http://www.theverge.com/2015/2/23/8093203/marijuana-is-much-safer-than-alcohol-or-tobacco-according-to-a-new,science
http://www.theverge.com/2015/2/20/8078923/nasa-snow-polar-vortex-usa-satellite,science
http://www.theverge.com/2015/2/21/8081861/arctic-drilling-federal-regulations-oil-gas,science
http://www.theverge.com/2015/2/25/8103759/bill-gates-interview-hiv-malaria-vaccine-future-disease,science
http://www.theverge.com/2015/2/25/8108399/google-ai-deepmind-video-games,science
http://www.theverge.com/2015/2/24/8103205/obama-keystone-xl-pipeline-veto-white-house-congress,science
http://www.theverge.com/2015/7/22/8870089/texas-comic-book-heist-anthony-chiofalo-tadano,culture
http://www.theverge.com/2015/7/22/9013227/vertical-video-full-screen-orientation-youtube,culture
http://www.theverge.com/2015/7/22/9013673/road-trip-map-books-lolita-cheryl-strayed-twain-kerouac,culture
http://www.theverge.com/2014/12/11/7376793/ford-sync-3-photos,transportation
http://www.theverge.com/2014/12/14/7390395/uber-lobbying-steamroller,transportation
http://www.theverge.com/2014/12/10/7365841/dutch-railways-cleaning-laser,transportation
http://www.theverge.com/2014/12/11/7374307/lyft-brings-its-carpool-service-to-new-york,transportation
http://www.theverge.com/2014/12/15/7395073/this-is-how-jaguar-land-rover-wants-to-eliminate-blind-spots,transportation
http://www.theverge.com/2014/12/15/7393473/france-bans-uberpop-after-taxi-unions-protest-uber-paris,transportation
http://www.theverge.com/2014/12/11/7375837/ford-sync-3-announced,transportation
http://www.theverge.com/2014/12/9/7327953/drivers-education-20-simulators,transportation
http://www.theverge.com/2014/12/9/7359655/uber-banned-in-spain-india-and-thailand-due-to-illegal-operations,transportation
http://www.theverge.com/2013/12/17/5219324/lacma-art-and-tech-lab,design
http://www.theverge.com/2013/12/20/5230050/benjamin-rollins-caldwell-binary-collection,design
http://www.theverge.com/2013/12/21/5232684/magnetophone-sculpture-turns-electromagnetism-into-music,design
http://www.theverge.com/2013/12/20/5230012/the-drone-survival-identification-guide,design
http://www.theverge.com/2013/12/20/5230150/benjamin-rollins-caldwell-binary-collection,design
http://www.theverge.com/2013/12/17/5221342/shapeways-keyme-partner-to-3d-print-house-keys,design
http://www.theverge.com/2013/12/18/5224756/christmas-gifs-2013,design
http://www.theverge.com/2013/12/19/5223620/hi-res-censorship-metahaven-on-edward-snowden-and-rebranding-wikileaks,design
http://www.theverge.com/2013/12/18/5223162/odesd2-q1-lounge-chair-inspired-by-richard-bucky-fuller,design
http://www.theverge.com/2013/12/16/5215910/nervous-system-kinematics-3D-printing-app,design
http://www.theverge.com/2014/10/28/7082683/nfl-real-time-motion-tracking-by-zebra-technologies,business
http://www.theverge.com/2014/10/28/7083691/is-twitters-audience-really-bigger-than-facebooks,business
http://www.theverge.com/2014/10/29/7088425/the-best-mario-kart-ever-steers-nintendo-to-profit,business
http://www.theverge.com/2014/10/27/7079277/twitter-q3-2014-earnings,business
http://www.theverge.com/2014/10/28/7085905/facebooks-prized-acquisition-whatsapp-lost-140-million-last-year,business
http://www.theverge.com/2014/10/29/7086929/the-guy-behind-google-wallet-is-back-to-change-payments-all-over-again,business
http://www.theverge.com/2014/10/28/7080697/tidal-brings-high-quality-audio-streaming-to-everyone-for-a-price,business
http://www.theverge.com/2014/10/28/7078693/small-empires-season-2-episode-1-partpic,business
http://www.theverge.com/2014/10/28/7086501/wireless-carriers-are-rolling-out-a-horrible-new-way-to-track-you,business
http://www.theverge.com/2014/10/28/7082921/partpic-makes-finding-replacement-parts-easy,business
http://www.theverge.com/2015/3/21/8270585/twitter-gender-discrimination-lawsuit-tina-huang,us-world
http://www.theverge.com/2015/3/23/8275827/ted-cruz-announces-presidential-bid-on-twitter,us-world
http://www.theverge.com/2015/3/19/8259591/us-customs-iris-scanners-airports-border-fingerprint-biometric,us-world
http://www.theverge.com/2015/3/23/8273759/obama-administration-passes-goal-lte-for-98-percent-of-americans,us-world
http://www.theverge.com/2015/3/21/8267273/judge-in-kleiner-perkins-trial-just-ruled-that,us-world
http://www.theverge.com/2015/3/20/8262343/blurred-lines-copyright-verdict-williams-creativity,us-world
http://www.theverge.com/2015/3/20/8267393/mitt-romney-katie-couric-internet-trolls,us-world
http://www.theverge.com/2015/7/13/8945331/satoru-iwata-obituary-nintendo-ceo-president,entertainment
http://www.theverge.com/2015/7/13/8941069/satoru-iwata-nintendo-president-video-talent,entertainment
http://www.theverge.com/2015/7/12/8939581/heroes-reborn-comic-con-2015-trailer,entertainment
http://www.theverge.com/2015/7/12/8935877/warcraft-trailer-drawing-comic-con-2015,entertainment
http://www.theverge.com/2015/7/12/8936937/tame-impala-new-album-currents-stream,entertainment
http://www.theverge.com/2015/7/12/8936903/batman-v-superman-suicide-squad-comic-con-panel-video,entertainment
http://www.theverge.com/2015/7/12/8937951/comic-con-hall-h-line-horrors,entertainment
http://www.theverge.com/2015/7/12/8937667/playboy-self-less-party-comic-con-2015,entertainment
http://www.theverge.com/2015/8/18/9173399/phone-review-generator,tech
http://www.theverge.com/2015/8/18/9172883/nternet-of-things-hype-generator,tech
http://www.theverge.com/2015/8/19/9175727/parallels-11-cortana-mac-windows-10-features,tech
http://www.theverge.com/2015/8/18/9174887/microsoft-cortana-intel-voice-activation,tech
http://www.theverge.com/2015/8/19/9174293/the-new-tile-will-let-you-find-your-keys-or-your-phone,tech
http://www.theverge.com/2015/8/18/9174595/amazon-dash-buttons-hack,tech
http://www.theverge.com/2015/2/18/8062585/lab-made-blood-cells-may-curb-brain-cancer,science
http://www.theverge.com/2015/2/19/8071593/adrian-grenier-loneliest-whale-kickstarter,science
http://www.theverge.com/2015/2/19/8071299/scientists-propose-us-tax-sugary-foods-drinks,science
http://www.theverge.com/2015/2/18/8064891/hiv-treatment-prevents-infection-animal-trial,science
http://www.theverge.com/2015/2/18/8056163/bill-gates-gmo-farming-world-hunger-africa-poverty,science
http://www.theverge.com/2015/2/20/8074375/us-food-advice-less-meat-more-fruit,science
http://www.theverge.com/2015/2/19/8060017/mark-zuckerberg-vaccine-denier-facebook-book-club-on-immunity,science
http://www.theverge.com/2015/2/20/8075141/ebola-rapid-test-approved-who,science
http://www.theverge.com/2015/7/21/9008757/girl-in-the-spiders-web-dragon-tattoo-lisbeth-salander-cancelled,culture
http://www.theverge.com/2015/7/21/9009249/twitter-background-images-gone,culture
http://www.theverge.com/2014/12/8/7352271/uber-banned-in-indian-capital-after-alleged-rape-of-female-passenger,transportation
http://www.theverge.com/2014/12/4/7332289/nasas-planned-orion-launch-is-a-scrub,transportation
http://www.theverge.com/2014/12/5/7338839/the-first-test-flight-of-nasas-new-orion-spacecraft,transportation
http://www.theverge.com/2014/12/8/7353221/us-navy-rescued-orion-from-ocean-nasa,transportation
http://www.theverge.com/2014/12/5/7339431/nasa-orion-heat-shield-molly-white-engineer,transportation
http://www.theverge.com/2014/12/5/7331855/nasas-orion-spacecraft-launches-successfully,transportation
http://www.theverge.com/2014/12/5/7338997/nasas-orion-test-flight-splashes-down-off-baja-california,transportation
http://www.theverge.com/2014/12/5/7341159/from-scrubbed-launch-to-successful-splashdown-nasas-orion-test-flight,transportation
http://www.theverge.com/2014/12/5/7338815/nasa-orion-spacecraft-second-launch-attempt,transportation
http://www.theverge.com/2013/12/12/5203934/windows-8-2-start-menu-concept,design
http://www.theverge.com/2013/12/9/5191708/new-york-police-department-unveils-interactive-map-of-major-crimes,design
http://www.theverge.com/2013/12/9/5189304/minimalist-nativity-set-leaves-the-manger-to-your-imagination,design
http://www.theverge.com/2013/12/13/5207824/anthill-art-molten-aluminum,design
http://www.theverge.com/2013/12/11/5200814/designer-creates-3d-printed-regenerative-running-shoe,design
http://www.theverge.com/2013/12/12/5204974/skyscraper-cemetery-design-in-norway,design
http://www.theverge.com/2013/12/11/5199208/piaget-altiplano-900p-worlds-thinnest-mechanical-watch-costs-20-30k,design
http://www.theverge.com/2013/12/10/5195764/joe-sacco-the-great-war-panorama-illustration,design
http://www.theverge.com/2013/12/10/5195356/matthew-lew-ticketmaster-redesign-concept,design
http://www.theverge.com/2014/10/27/7078149/amazon-just-launched-a-crowdsourced-publishing-program,business
http://www.theverge.com/2014/10/26/7067199/i-went-to-the-world-series-and-bought-a-hot-dog-with-my-phone,business
http://www.theverge.com/2014/10/23/7052385/amazon-q3-2014-earnings,business
http://www.theverge.com/2014/10/23/7047501/small-empires-returns-for-season-two-october-28,business
http://www.theverge.com/2014/10/25/7070585/twitpic-saved-by-twitter-just-hours-before-planned-shut-down,business
http://www.theverge.com/2014/10/24/7059337/stitcher-talk-radio-app-bought-by-deezer,business
http://www.theverge.com/2014/10/23/7053015/small-empires-season-2-trailer,business
http://www.theverge.com/2014/10/23/7030831/microsoft-q1-2015-financial-earnings,business
http://www.theverge.com/2014/10/23/7049141/ello-becomes-public-benefit-corporation-mandates-no-ads,business
http://www.theverge.com/2014/10/25/7069863/retailers-are-disabling-nfc-readers-to-shut-out-apple-pay,business
http://www.theverge.com/2015/3/18/8254415/mall-of-america-catfished-activists-on-facebook,us-world
http://www.theverge.com/2015/3/18/8244041/fcc-verizon-911-outage-fine,us-world
http://www.theverge.com/2015/3/19/8257183/us-threatened-germany-intelligence-snowden,us-world
http://www.theverge.com/2015/3/19/8257191/china-anti-censorship-great-firewall-free-weibo,us-world
http://www.theverge.com/2015/3/19/8260073/google-ftc-leaked-anti-trust-report,us-world
http://www.theverge.com/2015/3/18/8246935/us-sets-foia-censor-denial-record,us-world
http://www.theverge.com/2015/7/11/8933549/batman-vs-superman-trailer-comic-con-2015,entertainment
http://www.theverge.com/2015/7/12/8936779/deadpool-panel-comic-con-ryan-reynolds,entertainment
http://www.theverge.com/2015/7/11/8934071/ben-affleck-mad-sad-batman-comic-con-batfleck-meme,entertainment
http://www.theverge.com/2015/7/11/8935269/joss-whedon-twist-comic-announced-comic-con-2015,entertainment
http://www.theverge.com/2015/7/11/8933425/dc-comics-sdcc-2015-news-announcements,entertainment
http://www.theverge.com/2015/7/11/8934937/hateful-eight-quentin-tarantino-comic-con-2015,entertainment
http://www.theverge.com/2015/7/12/8936595/sdcc-2015-day-3-batman-v-superman-suicide-squad-deadpool-warcraft,entertainment
http://www.theverge.com/2015/8/18/9172311/xbox-one-update-1080p-game-streaming-windows-10,tech
http://www.theverge.com/2015/8/18/9172943/microsoft-windows-10-preview-build-10525,tech
http://www.theverge.com/2015/8/18/9172441/cyber-sex-explainer-faq-whats-tech,tech
http://www.theverge.com/2015/8/18/9172523/google-router-announced-onhub,tech
http://www.theverge.com/2015/8/18/9172197/paper-drawing-app-iphone-announced,tech
http://www.theverge.com/2015/8/18/9172803/fossil-android-wear-watch-photos,tech
http://www.theverge.com/2015/8/18/9172263/best-drone-for-you-match-2015,tech
http://www.theverge.com/2015/8/18/9173051/gone-fishing,tech
http://www.theverge.com/2015/8/18/9173041/stephen-hawking-intel-github-speech-software,tech
http://www.theverge.com/2015/2/13/8035775/gmo-apples-usda-commercial-farming-genetically-modified,science
http://www.theverge.com/2015/2/17/8050281/mars-one-mission-chooses-100-candidates,science
http://www.theverge.com/2015/2/16/8044457/interstellar-black-hole-simulations-science,science
http://www.theverge.com/2015/2/15/8041597/x-ray-vision-opaque-material-allard-mosk,science
http://www.theverge.com/2015/2/18/8059999/giant-fireball-over-pittsburgh-video,science
http://www.theverge.com/2015/2/12/8027579/dogs-recognize-human-expressions-angry-happy,science
http://www.theverge.com/2015/2/16/8035919/penguins-love-fish-probably-cant-taste-them,science
http://www.theverge.com/2015/2/18/8056243/epigenome-map-cancer-Alzheimers-genetics,science
http://www.theverge.com/2015/2/17/8058103/self-building-chair-mit-self-assembly-lab,science
http://www.theverge.com/2015/7/20/9006213/ashley-madisons-data-breach-is-everyones-problem,culture
http://www.theverge.com/2015/7/20/9006379/cakeday-first-day-on-reddit-internet-archive,culture
http://www.theverge.com/2015/7/21/9008211/google-plus-photos-closing-google-photos,culture
http://www.theverge.com/2015/7/21/9008509/twitter-abuse-safety-center,culture
http://www.theverge.com/2015/7/20/9002721/the-mobile-web-sucks,culture
http://www.theverge.com/2014/12/4/7331787/james-bond-spectre-aston-martin-db10,transportation
http://www.theverge.com/2014/11/19/7247281/audi-says-it-has-mastered-hydrogen-fuel-cells-and-is-ready-to-launch,transportation
http://www.theverge.com/2014/12/3/7325939/the-fxx-k-is-the-most-extreme-ferrari-ever-made,transportation
http://www.theverge.com/2014/12/3/7325933/ferrari-fxx-k-photos,transportation
http://www.theverge.com/2014/11/19/7243621/android-auto-is-great-automakers-are-holding-it-back,transportation
http://www.theverge.com/2014/11/21/7263283/formula-e-returns-this-weekend,transportation
http://www.theverge.com/2014/11/21/7252377/toyota-mirai-drive-massive-bet-on-hydrogen-power,transportation
http://www.theverge.com/2014/11/21/7259305/quantum-seas-future-cruise-ship,transportation
http://www.theverge.com/2014/11/19/7250863/chevrolet-gran-turismo-6-concept-car,transportation
http://www.theverge.com/2013/12/4/5175538/elijah-wood-designed-limited-edition-grado-headphones-bushmills-whiskey,design
http://www.theverge.com/2013/12/6/5181152/japanese-designer-turns-the-umbrella-on-its-head,design
http://www.theverge.com/2013/12/3/5167456/vertu-headquarters-photo-tour,design
http://www.theverge.com/2013/12/4/5173992/art-masterpieces-recreated-in-lego,design
http://www.theverge.com/2013/12/8/5188834/nobel-center-giant-sphere-concept,design
http://www.theverge.com/2013/12/4/5174004/skew-iphone-concept-video,design
http://www.theverge.com/2013/12/3/5171356/las-hidden-ocean-of-swimming-pools-chronicled-in-new-research,design
http://www.theverge.com/2013/12/2/5168376/frank-nuovo-and-metawatch-collaborate-on-smartwatch,design
http://www.theverge.com/2013/12/3/5171824/kickstarter-project-turns-ideas-money-into-supersized-artwork-of-the,design
http://www.theverge.com/2013/12/3/5167460/inside-vertu,design
http://www.theverge.com/2014/10/20/7022335/apple-q4-2014-earnings,business
http://www.theverge.com/2014/10/21/7026889/magic-leap-google-leads-542-million-investment-in-augmented-reality-startup,business
http://www.theverge.com/2014/10/20/7017031/cvs-reportedly-plans-to-punish-pharmacies-that-still-sell-tobacco,business
http://www.theverge.com/2014/10/18/7001115/snapchat-just-ran-its-first-ad-and-its-for-ouija,business
http://www.theverge.com/2014/10/21/7027537/amazon-inks-deal-with-book-publisher-simon-schuster,business
http://www.theverge.com/2014/10/17/6994333/facebook-is-actively-trawling-the-dark-web-for-stolen-passwords,business
http://www.theverge.com/2014/10/20/7013795/apple-pay-banks-default-card,business
http://www.theverge.com/2014/10/17/6994781/amazon-fresh-new-york-launch-begins-in-park-slope-brooklyn,business
http://www.theverge.com/2014/10/22/7034113/inside-twitters-ambitious-plan-to-kill-the-password-on-mobile-devices,business
http://www.theverge.com/2014/10/20/7022775/apple-ipad-sales-slump-fall,business
http://www.theverge.com/2015/3/17/8231243/wheeler-house-oversight-defends-net-neutrality-rules,us-world
http://www.theverge.com/2015/3/17/8232265/new-york-city-gunshot-detection-shotspotters-nypd,us-world
http://www.theverge.com/2015/3/17/8237933/gchq-surveillance-hacking-snowden-privacy-international,us-world
http://www.theverge.com/2015/3/17/8230569/nypd-wikipedia-edits-eric-garner-no-punishment,us-world
http://www.theverge.com/2015/3/17/8230905/secret-service-wants-fake-white-house,us-world
http://www.theverge.com/2015/3/15/8221055/hbo-show-the-jinx-spoiled-on-twitter,us-world
http://www.theverge.com/2015/7/11/8932689/sdcc-2015-day-2-star-wars-the-walking-dead-kevin-smith,entertainment
http://www.theverge.com/2015/7/11/8928399/m-night-shyamalan-interview-the-visit-comic-con-2015,entertainment
http://www.theverge.com/2015/7/11/8933817/green-lantern-corps-title-warner-bros-sdcc-2015,entertainment
http://www.theverge.com/2015/7/11/8933643/man-from-uncle-trailer-comic-con-2015,entertainment
http://www.theverge.com/2015/7/11/8932771/ash-vs-evil-dead-trailer-starz-bruce-campbell,entertainment
http://www.theverge.com/2015/7/11/8933493/zack-snyder-batman-v-superman-drives-batmobile-to-comic-con,entertainment
http://www.theverge.com/2015/7/11/8932623/duncan-jones-handing-out-twinkies-to-comic-con-line,entertainment
http://www.theverge.com/2015/7/11/8933329/star-trek-tos-bluetooth-communicator-hands-on-sdcc-2015,entertainment
http://www.theverge.com/2015/7/11/8933753/watch-star-wars-comic-con-2015-panel,entertainment
http://www.theverge.com/2015/7/11/8931999/star-wars-the-force-awakens-sdcc-2015-recap,entertainment
http://www.theverge.com/2015/8/18/9171015/samsung-is-deflating-its-own-hype-bubble,tech
http://www.theverge.com/2015/8/18/9168395/oneplus-2-smartphone-2015-android-review,tech
http://www.theverge.com/2015/8/18/9171449/oneplus-2-sample-photos,tech
http://www.theverge.com/2015/8/18/9165455/speedo-shine-swim-activity-tracker,tech
http://www.theverge.com/2015/8/18/9165425/nuance-dragon-anywhere-ios-android-dictation-app,tech
http://www.theverge.com/2015/8/18/9171511/sprint-killing-phone-contracts,tech
http://www.theverge.com/2015/2/11/8021883/hiv-positive-organ-transplant-trials-donor-recipient,science
http://www.theverge.com/2015/2/11/8017361/obesity-genetics-bmi-fat-distribution,science
http://www.theverge.com/2015/2/11/8022297/congress-approves-controversial-keystone-xl-oil-pipeline,science
http://www.theverge.com/2015/2/12/8027183/neuron-imaging-mit-protein-campari-calcium-tracking,science
http://www.theverge.com/2015/2/12/8027833/the-ocean-is-full-of-plastic-garbage,science
http://www.theverge.com/2015/2/12/8024031/nasa-dscovr-rocket-deep-space-spacex-falcon-9-launch,science
http://www.theverge.com/2015/2/12/8026131/american-southwest-nasa-climate-change-drought-less-rain,science
http://www.theverge.com/2015/2/11/8020619/alcohol-health-benefits-falsely-represented,science
http://www.theverge.com/2015/7/19/9000001/jamie-lee-curtis-street-fighter-evo-2015-vega-smash,culture
http://www.theverge.com/2015/7/19/9000933/50-cent-calls-att-racist,culture
http://www.theverge.com/2015/7/19/8998735/self-less-advantageous-seconds-body-swapping-science-fiction,culture
http://www.theverge.com/2015/7/19/8973609/are-you-a-longdog-or-a-highdog,culture
http://www.theverge.com/2014/11/15/7225567/the-first-official-batmobile-ever-built-is-headed-to-auction,transportation
http://www.theverge.com/2014/11/13/7217397/volvo-is-using-google-cardboard-to-get-people-inside-its-new-suv,transportation
http://www.theverge.com/2014/11/17/7233427/hondas-new-hydrogen-fuel-cell-car-looks-like-it-belongs-in-a-movie,transportation
http://www.theverge.com/2014/11/13/7215357/bmw-i8-photos,transportation
http://www.theverge.com/2014/11/15/7225655/1963-original-batmobile-photos,transportation
http://www.theverge.com/2014/11/18/7242785/toyotas-new-hydrogen-powered-mirai-sedan-will-be-on-sale-next-year,transportation
http://www.theverge.com/2014/11/13/7215645/bmw-i8-a-gallery-of-beautiful-wallpaper,transportation
http://www.theverge.com/2013/11/26/5145396/interiors-film-inspired-blueprints-are-the-kinds-of-love-letters-only,design
http://www.theverge.com/2013/11/28/5154484/baoan-international-airport-terminal-3-studio-fuksis-design,design
http://www.theverge.com/2013/11/24/5140850/chinas-high-speed-railway-network-may-soon-link-to-this-futuristic,design
http://www.theverge.com/2013/11/28/5154528/shenzhen-airport-terminal-3-designed-by-studio-fuksas,design
http://www.theverge.com/2013/11/30/5160850/papercraft-for-the-feet-artist-makes-cardboard-replicas-of-next-years-adidas-shoes,design
http://www.theverge.com/2013/11/25/5142664/how-do-you-design-a-chair-for-the-ipad,design
http://www.theverge.com/2013/11/28/5154536/how-to-build-your-own-cellphone-mit-media-lab-david-mellis,design
http://www.theverge.com/2013/11/26/5145416/int-journal-posters,design
http://www.theverge.com/2014/10/16/6987655/michigan-could-ban-direct-tesla-sales-next-week,business
http://www.theverge.com/2014/10/15/6985591/apple-pay-launch-tipped-for-october-20th-by-panera-bread,business
http://www.theverge.com/2014/10/14/6979169/google-researchers-reveal-new-poodle-bug-putting-the-web-on-alert,business
http://www.theverge.com/2014/10/16/6990579/google-q3-2014-earnings,business
http://www.theverge.com/2014/10/16/6987543/cbs-all-access-streaming-service-no-cable-required-launches,business
http://www.theverge.com/2014/10/16/6988385/report-says-illegal-airbnb-apartments-made-up-over-a-third-of-the,business
http://www.theverge.com/2014/10/14/6973561/colin-kaepernick-tapes-over-beats-logo-to-appease-brands,business
http://www.theverge.com/2014/10/15/6985059/net-neutrality-stops-the-internet-from-becoming-cable-hbo,business
http://www.theverge.com/2014/10/14/6974857/ireland-closing-double-irish-tax-loophole,business
http://www.theverge.com/2014/10/15/6982281/hbo-go-no-cable-streaming-netflix-worst-nightmare,business
http://www.theverge.com/2015/3/13/8212107/state-department-hackers-email-russia,us-world
http://www.theverge.com/2015/3/14/8215087/banner-over-austin-calls-out-ted-cruz-for-opposing-net-neutrality,us-world
http://www.theverge.com/2015/3/13/8212647/rand-paul-snapchat-teens-presidential-election,us-world
http://www.theverge.com/2015/3/13/8208237/cipa-cybersecurity-bill-senate-vote-surveillance,us-world
http://www.theverge.com/2015/3/15/8218595/robert-durst-arrested-in-new-orleans-after-hbo-documentary,us-world
http://www.theverge.com/2015/3/14/8215127/cuba-free-public-wifi-kcho-havana,us-world
http://www.theverge.com/2015/3/13/8208413/uk-nuclear-weapons-russia-traffic-redirect,us-world
http://www.theverge.com/2015/3/14/8216203/these-are-the-silly-urls-the-nsa-uses-for-cyber-espionage,us-world
http://www.theverge.com/2015/3/13/8208385/nypd-wikipeda-edits-eric-garner-sean-bell,us-world
http://www.theverge.com/2015/7/10/8927369/star-wars-the-force-awakens-panel-sdcc-2015,entertainment
http://www.theverge.com/2015/7/10/8931899/star-wars-comic-con-trailer,entertainment
http://www.theverge.com/2015/7/10/8931039/star-wars-emoji-kylo-ren-why,entertainment
http://www.theverge.com/2015/7/10/8931697/simon-pegg-star-wars-force-awakens-role-alien,entertainment
http://www.theverge.com/2015/7/10/8931335/game-of-thrones-audition-reel-sdcc-2015,entertainment
http://www.theverge.com/2015/7/10/8931781/star-wars-tie-fighter-sdcc-2015,entertainment
http://www.theverge.com/2015/7/10/8931699/luke-leia-han-solo-reunite-star-wars-comic-con-2015,entertainment
http://www.theverge.com/2015/7/10/8930737/superman-lives-documentary-jon-schnepp-interview-comic-con-2015,entertainment
http://www.theverge.com/2015/8/17/9166667/google-project-ara-phone-delayed,tech
http://www.theverge.com/2015/8/17/9167203/windows-10-privacy-scare-cloud-privacy,tech
http://www.theverge.com/2015/8/17/9166557/how-to-buy-an-iphone-in-america,tech
http://www.theverge.com/2015/8/17/9166183/google-android-marshmallow-name-troll,tech
http://www.theverge.com/2015/8/17/9167771/google-hangouts-website-launches,tech
http://www.theverge.com/2015/8/17/9167313/should-your-company-make-a-smartwatch,tech
http://www.theverge.com/2015/8/17/9167513/the-project-ara-modules-we-wish-google-would-make,tech
http://www.theverge.com/2015/2/11/8018253/us-dietary-guidelines-drop-cholesterol-warning,science
http://www.theverge.com/2015/2/9/8006609/new-diabetes-medicine-trial-smart-insulin-regulates-blood-sugar,science
http://www.theverge.com/2015/2/9/8004237/mars-curiosity-rover-photos-nasa-orbiter,science
http://www.theverge.com/2015/2/10/8010665/apollo-11-souvenirs-discovered-in-neil-armstrongs-home,science
http://www.theverge.com/2015/2/9/8005131/zipperbot-mit-wearable-zipper-robot-video,science
http://www.theverge.com/2015/2/9/8003971/low-fat-dietary-health-goals-bad-science,science
http://www.theverge.com/2015/2/9/8007839/the-fda-doesnt-tell-you-when-it-finds-scientific-fraud,science
http://www.theverge.com/2015/7/17/8989137/spam-rate-half-symantec-report,culture
http://www.theverge.com/2015/7/19/8978467/sensory-percussion-kickstarter-electric-drumming,culture
http://www.theverge.com/2015/7/17/8986055/reddit-still-a-failed-state,culture
http://www.theverge.com/2014/11/13/7211789/the-big-future-cars,transportation
http://www.theverge.com/2014/11/12/7202061/gopro-hero4-tokyo-custom-vehicles,transportation
http://www.theverge.com/2014/11/6/7166473/bloodhound-ssc-and-jaguar-partnership,transportation
http://www.theverge.com/2014/11/12/7201355/this-is-the-fastest-electric-motorcycle-that-you-can-buy,transportation
http://www.theverge.com/2014/11/6/7166899/ford-tracking-police-lapd,transportation
http://www.theverge.com/2014/11/13/7156537/bmw-i8-review,transportation
http://www.theverge.com/2014/11/6/7166505/bloodhound-ssc-supersonic-car,transportation
http://www.theverge.com/2013/11/20/5125946/inflatable-solar-chimney-concept,design
http://www.theverge.com/2013/11/24/5140610/kano-kit-offers-an-easier-way-to-make-a-low-cost-rasperry-pi-computer,design
http://www.theverge.com/2013/11/24/5140200/jony-ive-and-marc-newsons-red-charity-auction-raises-26-million,design
http://www.theverge.com/2013/11/24/5135624/rollerball-pen-turns-doodles-into-working-circuits,design
http://www.theverge.com/2013/11/22/5133100/jony-ive-red-auction-photo-gallery,design
http://www.theverge.com/2013/11/23/5135476/diy-batmobile-heading-to-auction-this-month,design
http://www.theverge.com/2013/11/21/5129062/browse-the-smithsonian-cooper-hewitt-museum-with-colors,design
http://www.theverge.com/2013/11/23/5137584/jony-ive-charlie-rose-interview-with-marc-newson-red-sothebys-auction,design
http://www.theverge.com/2013/11/21/5130086/3d-printed-obama-state-of-the-union-address-voice-sculpture,design
http://www.theverge.com/2014/10/9/6951069/icahn-wants-apple-to-part-with-more-of-huge-cash-pile,business
http://www.theverge.com/2014/10/13/6970819/apple-may-fine-sapphire-partner-50-million-for-each-secret-leak,business
http://www.theverge.com/2014/10/10/6960343/kmart-is-the-latest-retailer-to-have-its-payment-systems-hacked,business
http://www.theverge.com/2014/10/9/6950619/apple-tops-best-global-brands-report-again-as-tech-dominates,business
http://www.theverge.com/2014/10/9/6950581/twitter-head-of-news-vivian-schiller-quits-after-a-year,business
http://www.theverge.com/2014/10/10/6956409/nfl-player-fined-10k-for-wearing-beats-headphones,business
http://www.theverge.com/2014/10/8/6949779/ads-are-coming-soon-to-snapchat-ceo-evan-spiegel-says,business
http://www.theverge.com/2014/10/8/6942993/product-hunt-is-where-silicon-valley-finds-out-what-s-cool,business
http://www.theverge.com/2014/10/13/6968693/french-bank-will-allow-you-to-send-money-over-twitter-soon,business
http://www.theverge.com/2014/10/10/6960033/apples-sapphire-glass-supplier-bankruptcy-plant-shutdowns-layoffs,business
http://www.theverge.com/2015/3/12/8116237/net-neutrality-rules-open-internet-order-released,us-world
http://www.theverge.com/2015/3/12/8200211/palcohol-regulatory-approval-powdered-alcohol,us-world
http://www.theverge.com/2015/3/12/8198785/gchq-mass-surveillance-isc-report-2015,us-world
http://www.theverge.com/2015/3/13/8207895/title-ii-fcc-packet-loss-net-neutrality-rules,us-world
http://www.theverge.com/2015/3/13/8206747/obama-statement-ferguson-cop-shootings-jimmy-kimmel,us-world
http://www.theverge.com/2015/7/10/8927401/new-trailers-mockingjay-part-2-goosebumps-doctor-who-and-more,entertainment
http://www.theverge.com/2015/7/10/8930115/walking-dead-trailer-comic-con-2015,entertainment
http://www.theverge.com/2015/7/10/8928901/drake-energy-music-video-apple-music-connect-beats-1,entertainment
http://www.theverge.com/2015/7/10/8929391/warcraft-duncan-jones-interview-comic-con-2015,entertainment
http://www.theverge.com/2015/7/10/8930449/fear-the-walking-dead-trailer-comic-con-2015,entertainment
http://www.theverge.com/2015/7/10/8929523/korn-rihanna-bbhmm-remix,entertainment
http://www.theverge.com/2015/7/10/8927977/gofundme-taylor-swift-donation-limit-increase-crowdfunding,entertainment
http://www.theverge.com/2015/7/10/8928883/kate-mckinnons-ghostbusters-photo-egon,entertainment
http://www.theverge.com/2015/7/10/8929681/songs-of-the-summer-verge-playlist-taylor-swift-wiz-khalifa,entertainment
http://www.theverge.com/2015/7/10/8925693/htc-vive-wireless-controllers-demo-truck,entertainment
http://www.theverge.com/2015/8/17/9164681/facebook-notes-are-still-alive-blogging-platform,tech
http://www.theverge.com/2015/8/17/9165043/google-alphabet-name-generator,tech
http://www.theverge.com/2015/8/17/9164089/moto-360-different-sizes-regulatory-filing,tech
http://www.theverge.com/2015/8/17/9164153/windows-10-privacy-concerns,tech
http://www.theverge.com/2015/8/17/9165063/android-marshmallow-announced,tech
http://www.theverge.com/2015/2/5/7986099/HIV-death-rate-black-people-highest,science
http://www.theverge.com/2015/2/6/7992781/some-reviews-of-melanies-marevelous-measles,science
http://www.theverge.com/2015/2/5/7988047/ecig-vapor-damages-immune-system-mice,science
http://www.theverge.com/2015/2/8/7993703/livestream-spacex-falcon-9-rocket-launch,science
http://www.theverge.com/2015/2/4/7978787/hiv-prevention-trial-in-africa-is-a-dud,science
http://www.theverge.com/2015/2/5/7983509/adult-vaccination-rates-in-the-us-are-pretty-low,science
http://www.theverge.com/2015/2/5/7983837/cocaine-addiction-deep-brain-stimulation-study,science
http://www.theverge.com/2015/2/6/7985327/chimpanzee-grunts-mean-more-than-you-think,science
http://www.theverge.com/2015/2/8/8002331/spacex-falcon-9-will-not-launch-today,science
http://www.theverge.com/2015/7/16/8978181/reddit-code-of-conduct-steve-huffman,culture
http://www.theverge.com/2015/7/17/8985699/stanford-neural-networks-image-recognition-google-study,culture
http://www.theverge.com/2014/11/3/7149987/the-aeromobil-3-0-flying-car,transportation
http://www.theverge.com/2014/10/30/7131925/the-company-that-designs-ferraris-just-built-an-11000-bicycle,transportation
http://www.theverge.com/2014/11/2/7143621/honda-civic-type-r-fantastic-two-faced-commercial,transportation
http://www.theverge.com/2014/11/3/7151725/hyundai-and-kia-fined-record-100-million-for-clean-air-violations,transportation
http://www.theverge.com/2014/10/31/7139527/virgin-galactics-spaceshiptwo-suffers-anomaly-in-flight,transportation
http://www.theverge.com/2014/11/3/7150061/another-flying-car-prototype-is-ready-to-take-off,transportation
http://www.theverge.com/2014/11/1/7143137/richard-branson-says-the-dream-lives-on-after-virgin-galactic-crash,transportation
http://www.theverge.com/2014/11/3/7149845/apples-beats-music-app-is-now-flying-southwest-airlines,transportation
http://www.theverge.com/2013/11/19/5122820/flickr-can-now-turn-your-pictures-into-keepsakes-with-one-click-photo,design
http://www.theverge.com/2013/11/20/5125006/philips-desso-light-transmissive-carpets,design
http://www.theverge.com/2013/11/18/5117200/samsung-bended-phones-in-pictures,design
http://www.theverge.com/2013/11/20/5125612/da-vinci-designed-viola-organista-musical-instrument,design
http://www.theverge.com/2013/11/20/5125272/mercedes-benz-amg-vision-gran-turismo-concept-supercar,design
http://www.theverge.com/2013/11/18/5119296/boeing-777x-image-gallery,design
http://www.theverge.com/2013/11/19/5124328/vancouver-bans-doorknobs-for-building-accessibility,design
http://www.theverge.com/2013/11/20/5125184/mercedes-benz-vision-gran-turismo-supercar-concept,design
http://www.theverge.com/2013/11/20/5125034/apples-spaceship-campus-approval-from-cupertino,design
http://www.theverge.com/2014/10/6/6919329/how-the-financial-crisis-killed-hp-printer-business,business
http://www.theverge.com/2014/10/7/6934569/highfive-conference-call-video-telepresence-meeting,business
http://www.theverge.com/2014/10/4/6907355/nfl-bose-sponsorship-deal-bans-beats-headphones,business
http://www.theverge.com/2014/10/6/6918211/square-funding-singapore-struggle-valuation,business
http://www.theverge.com/2014/10/6/6917895/advertising-beacons-discovered-in-hundreds-of-nyc-phone-booths,business
http://www.theverge.com/2014/10/3/6897411/is-this-teslas-next-electric-car-p85-d,business
http://www.theverge.com/2014/10/6/6921255/samsung-q3-2014-earnings-guidance,business
http://www.theverge.com/2014/10/5/6913479/hp-reportedly-planning-to-split-off-pc-printer-business-from,business
http://www.theverge.com/2014/10/6/6918297/facebook-now-officially-owns-whatsapp-22-billion,business
http://www.theverge.com/2014/10/4/6908181/redbox-instant-streaming-video-service-shutting-down-on-october-7th,business
http://www.theverge.com/2015/3/10/8182415/secret-service-drones-jamming-tracking,us-world
http://www.theverge.com/2015/3/10/8184255/CIA-airplane-phone-surveillance-US-marshal,us-world
http://www.theverge.com/2015/3/11/8190569/ap-state-department-lawsuit-hillary-clinton-emails,us-world
http://www.theverge.com/2015/3/11/8191179/directv-deceptive-advertising-charges-ftc,us-world
http://www.theverge.com/2015/3/10/8184317/hillary-clinton-private-email-matter-of-convenience,us-world
http://www.theverge.com/2015/3/11/8194627/hillary-clinton-email-private-account,us-world
http://www.theverge.com/2015/3/10/8181651/wikipedia-sues-nsa-surveillance,us-world
http://www.theverge.com/2015/3/10/8181805/michelle-lee-confirmed-uspto-director,us-world
http://www.theverge.com/2015/3/10/8184125/psychoactive-drugs-temporarily-legal-ireland,us-world
http://www.theverge.com/2015/3/11/8189517/ebay-selling-assault-weapon-parts,us-world
http://www.theverge.com/2015/7/9/8925127/batman-movie-ben-affleck-san-diego-comic-con-2015,entertainment
http://www.theverge.com/2015/7/9/8925283/sherlock-special-is-coming-to-big-and-small-screens-in-the-next-year,entertainment
http://www.theverge.com/2015/7/9/8923191/comic-con-2015-batman-vs-superman-dawn-of-justice-costume-photos,entertainment
http://www.theverge.com/2015/7/9/8922755/jurassic-world-parody-trailer,entertainment
http://www.theverge.com/2015/7/9/8919085/hunger-games-mockingjay-part-2-jennifer-lawrence-josh-hutcherson-panel-sdcc-2015,entertainment
http://www.theverge.com/2015/7/10/8927459/ghostbusters-photos-uniforms,entertainment
http://www.theverge.com/2015/7/10/8927603/sdcc-2015-day-1-the-hunger-games-call-of-duty-doctor-who-street-fighter,entertainment
http://www.theverge.com/2015/7/9/8923371/call-of-duty-black-ops-3-zombies-trailer-sdcc-2015,entertainment
http://www.theverge.com/2015/7/9/8922429/doctor-who-series-9-premiere-date-sdcc-2015,entertainment
http://www.theverge.com/2015/7/10/8927291/read-harper-lee-go-set-a-watchman-first-book-since-mockingbird,entertainment
http://www.theverge.com/2015/8/14/9154397/comcast-watchable-video-platform,tech
http://www.theverge.com/2015/8/16/9163593/lg-nexus-5-lg-smartphone-leaked-picture,tech
http://www.theverge.com/2015/8/14/9155907/motorola-leaks-new-moto-360,tech
http://www.theverge.com/2015/8/14/9156275/google-alphabet-project-ara-delayed,tech
http://www.theverge.com/2015/8/16/9162963/apple-music-ads-find-new-favorite-band-spotify,tech
http://www.theverge.com/2015/2/2/7964739/gov-christie-walks-back-call-for-balance-on-required-vaccinations,science
http://www.theverge.com/2015/2/2/7951549/brain-fingerprinting-technology-unproven-courtroom-science-farwell-p300,science
http://www.theverge.com/2015/2/3/7971479/teenagers-computer-screens-sleep-disruption,science
http://www.theverge.com/2015/2/2/7963911/greek-austerity-increased-suicides-financial-crisis-bmj-study,science
http://www.theverge.com/2015/2/1/7961075/neil-degrasse-tyson-super-bowl-2015-live-tweeting,science
http://www.theverge.com/2015/2/3/7969859/faa-licensing-moon-for-commercial-business,science
http://www.theverge.com/2015/2/3/7973079/ebola-donations-delayed-who,science
http://www.theverge.com/2015/2/4/7978591/humans-are-helping-coral-evolve-to-survive-climate-change,science
http://www.theverge.com/2015/2/3/7969805/uk-votes-to-allow-three-person-babies,science
http://www.theverge.com/2015/2/2/7962467/childhood-trauma-midlife-adulthood-study,science
http://www.theverge.com/2015/7/16/8978815/ellen-pao-reddit-editorial-moderation-trolling,culture
http://www.theverge.com/2014/10/28/7086813/orbital-sciences-antares-rocket-explodes-6-seconds-after-liftoff,transportation
http://www.theverge.com/2014/10/30/7131947/pininfarina-fuoriserie-pictures,transportation
http://www.theverge.com/2014/10/24/7057429/at-t-connected-intersections-developer-challenge,transportation
http://www.theverge.com/2014/10/22/7038407/michigan-tesla-ban-signed-into-law,transportation
http://www.theverge.com/2014/10/21/7026407/trinity-guardrail-maker-defrauded-us-government-of-175-million-jury,transportation
http://www.theverge.com/2013/11/12/5095612/one-world-trade-center-ruled-the-tallest-building-in-the-us-at-1776,design
http://www.theverge.com/2013/11/14/5103104/make-your-own-collages-straight-from-google-search,design
http://www.theverge.com/2013/11/18/5117248/samsung-bended-display-patent-application,design
http://www.theverge.com/2013/11/12/5094724/old-twitter-logos-show-original-names-were-twttr-smssy,design
http://www.theverge.com/2013/11/11/5093446/jony-ive-and-marc-newson-describe-how-they-curated-the-best-in-design,design
http://www.theverge.com/2013/11/13/5096636/morph-airplane-seating-concept-seymourpowell,design
http://www.theverge.com/2013/11/15/5107116/ford-fusion-energi-coca-cola-plantbottle-concept,design
http://www.theverge.com/2013/11/11/5092350/china-cctv-headquarters-wins-best-tall-building-by-ctbuh,design
http://www.theverge.com/2013/11/17/5112314/the-giphoscope-turns-your-favorite-gif-into-a-hand-cranked-work-of-art,design
http://www.theverge.com/2014/9/30/6874353/reddit-50-million-funding-give-users-10-percent-stock-equity,business
http://www.theverge.com/2014/10/2/6896095/this-published-hack-could-be-the-beginning-of-the-end-for-usb,business
http://www.theverge.com/2014/9/30/6874727/ello-is-the-doomed-utopia-we-cant-stop-building,business
http://www.theverge.com/2014/9/30/6871467/samsung-switches-to-microsoft-word-following-visit-by-satya-nadella,business
http://www.theverge.com/2014/10/2/6890465/directv-sunday-ticket-nfl-deal-renewed,business
http://www.theverge.com/2014/9/30/6874897/paypal-broke-up-with-ebay-so-it-could-truly-compete,business
http://www.theverge.com/2014/10/1/6882189/one-week-later-how-much-damage-did-shellshock-cause,business
http://www.theverge.com/2014/9/30/6871483/ebay-and-paypal-are-splitting-up,business
http://www.theverge.com/2014/10/2/6893259/rovio-may-lay-off-130-as-growth-slows,business
http://www.theverge.com/2015/3/10/8179239/obama-techhire-initiative-100-million-fund-for-tech-hires,us-world
http://www.theverge.com/2015/3/9/8177255/federal-medical-marijuana-law,us-world
http://www.theverge.com/2015/3/9/8177141/lindsey-graham-no-email-senate-internet-policy-subcomittee,us-world
http://www.theverge.com/2015/3/7/8168453/ross-ulbricht-silk-road-redo-trial,us-world
http://www.theverge.com/2015/3/9/8174733/jeb-bush-net-neutrality-comments-iowa,us-world
http://www.theverge.com/2015/3/10/8181531/cia-tagets-apple-xcode-encryption,us-world
http://www.theverge.com/2015/3/7/8166195/isis-supporters-twitter-accounts-following-brookings,us-world
http://www.theverge.com/2015/3/9/8175491/wordpress-automattic-wins-dmca-takedown-straight-pride-uk-case,us-world
http://www.theverge.com/2015/7/9/8920221/tumblr-dylan-marron-representation-race-Hollywood-film,entertainment
http://www.theverge.com/2015/7/9/8917921/warcraft-movie-footage-virtual-reality-san-diego-comic-con-2015,entertainment
http://www.theverge.com/2015/7/9/8919013/black-twitter-media-reddit-journalism-recognition,entertainment
http://www.theverge.com/2015/7/9/8918281/sherlock-special-picture-bbc-teaser-victorian,entertainment
http://www.theverge.com/2015/7/9/8922327/ratatat-album-stream-magnifique,entertainment
http://www.theverge.com/2015/7/9/8917977/stephen-colbert-stock-market-video-bottled-urine,entertainment
http://www.theverge.com/2015/7/8/8917329/game-of-thrones-risk-board-game,entertainment
http://www.theverge.com/2015/7/9/8922415/facebook-music-streaming-nope,entertainment
http://www.theverge.com/2015/7/9/8919505/xbox-music-for-ios-and-android-onedrive-stream,entertainment
http://www.theverge.com/2015/7/9/8918201/gtav-music-video-wavves-leave,entertainment
http://www.theverge.com/2015/8/14/9153917/vergecast-166-alphabet-google-samsung-hardware-keyboards-podcast,tech
http://www.theverge.com/2015/8/14/9153943/samsung-galaxy-note-5-release-europe-availability,tech
http://www.theverge.com/2015/8/14/9153083/samsung-worlds-largest-hard-drive-16tb,tech
http://www.theverge.com/2015/8/14/9152581/samsung-galaxy-128gb-note-5-s6-edge-plus,tech
http://www.theverge.com/2015/8/13/9150943/samsung-gear-s2-galaxy-note-5-edge-plus-fashion-shoot,tech
http://www.theverge.com/2015/1/30/7952641/precision-medicine-initiative-white-house-genetics,science
http://www.theverge.com/2015/2/1/7957585/how-space-x-plans-to-land-largest-rocket-in-the-world,science
http://www.theverge.com/2015/1/30/7953217/philae-lander-descent-comet-67p-esa-rosetta,science
http://www.theverge.com/2015/1/30/7944899/drinking-heavily-stroke-risk-middle-age,science
http://www.theverge.com/2015/1/29/7947859/once-again-unvaccinated-people-experience-a-measles-outbreak,science
http://www.theverge.com/2015/1/29/7936167/how-stars-explode-supernova-cassiopeia,science
http://www.theverge.com/2015/1/30/7950437/google-skin-cancer-detecting-nanoparticles,science
http://www.theverge.com/2015/1/30/7951407/nfl-retirement-health-issues,science
http://www.theverge.com/2015/1/30/7951541/timelapse-of-the-earth-infrared-light,science
http://www.theverge.com/2015/1/29/7945073/credit-card-metadata-reveals-purchase-history-study,science
http://www.theverge.com/2015/7/16/8976333/all-the-worlds-a-store-and-all-the-men-and-women-merely-shoppers,culture
http://www.theverge.com/2015/7/16/8976195/caitlyn-jenner-espys-speech-google-airbnb-commercial,culture
http://www.theverge.com/2015/7/15/8974651/ellen-pao-reddit-user-casual-conversation,culture
http://www.theverge.com/2014/10/10/6955487/tesla-just-announced-a-supercar,transportation
http://www.theverge.com/2014/10/10/6955919/my-lap-of-terror-in-the-tesla-d,transportation
http://www.theverge.com/2014/10/10/6956203/watch-elon-musk-unveil-his-tesla-d-supercar,transportation
http://www.theverge.com/2014/10/17/6993847/red-bull-air-race-las-vegas-motor-speedway-photos,transportation
http://www.theverge.com/2014/10/17/6982289/tesla-autopilot-is-a-non-revolution-for-self-driving-cars,transportation
http://www.theverge.com/2014/10/18/6994663/this-is-the-most-beautiful-owners-manual-youve-ever-seen,transportation
http://www.theverge.com/2014/10/17/6984585/i-survived-a-flight-with-the-red-bull-air-race,transportation
http://www.theverge.com/2014/10/20/7024137/watch-a-self-driving-audi-become-the-fastest-autonomous-car-on-the-planet,transportation
http://www.theverge.com/2014/10/20/7018941/james-bonds-submarine-car-is-on-sale-on-ebay-for-1-million,transportation
http://www.theverge.com/2013/11/8/5078054/the-human-body-in-paper-and-dye,design
http://www.theverge.com/2013/11/8/5077070/the-cars-of-j-mays,design
http://www.theverge.com/2013/11/8/5080132/htc-redefines-opulence-with-an-8000-phone-trumpet,design
http://www.theverge.com/2013/11/6/5070066/facebook-redesigns-the-like-button,design
http://www.theverge.com/2013/11/7/5078078/alarmclock-tells-you-how-long-you-have-left-to-live,design
http://www.theverge.com/2013/11/7/5077718/worlds-first-3d-printed-metal-gun-fires-over-50-rounds,design
http://www.theverge.com/2013/11/11/5090066/nine-hours-sci-fi-capsule-hotel-in-kyoto,design
http://www.theverge.com/2013/11/9/5085460/beautiful-bridge-planned-for-chinas-hunan-province-evokes-knots,design
http://www.theverge.com/2013/11/11/5091086/meet-the-first-and-only-company-making-money-through-its-google-glass,design
http://www.theverge.com/2013/11/8/5081276/j-mays-retires-the-iconic-automotive-designs-of-fords-chief-designer,design
http://www.theverge.com/2014/9/28/6857449/share-a-coke-campaign-increases-coca-cola-sales,business
http://www.theverge.com/2014/9/29/6862695/cloudflare-just-added-ssl-encryption-to-two-million-websites-for-free,business
http://www.theverge.com/2014/9/23/6834437/paypal-adds-limited-bitcoin-support,business
http://www.theverge.com/2014/9/26/6848661/apple-promises-bash-bug-shellshock-fix,business
http://www.theverge.com/2014/9/29/6868487/music-video-product-placement-to-be-digitally-updated-umg,business
http://www.theverge.com/2014/9/24/6840697/worse-than-heartbleed-todays-bash-bug-could-be-breaking-security-for,business
http://www.theverge.com/2014/9/26/6851259/comcast-honestly-it-may-take-years-to-improve-our-reputation,business
http://www.theverge.com/2014/9/25/6843669/bash-shellshock-network-worm-could-cause-internet-meltdown,business
http://www.theverge.com/2014/9/18/6427183/home-depot-says-up-to-56-million-credit-cards-may-be-at-risk,business
http://www.theverge.com/2014/9/23/6832901/wink-relay-smart-home,business
http://www.theverge.com/2015/3/5/8155241/ringling-brothers-circus-no-more-elephants,us-world
http://www.theverge.com/2015/3/6/8162337/iphone-unlock-border-agents-canada,us-world
http://www.theverge.com/2015/3/6/8164841/aclu-redskins-trademark-unconstitutional-appeal,us-world
http://www.theverge.com/2015/3/6/8162629/spam-charges-1-billion-email-addresses,us-world
http://www.theverge.com/2015/3/6/8160695/uber-south-korea-suspended-seoul,us-world
http://www.theverge.com/2015/3/6/8160679/eu-ebooks-vat-tax-electronic-service,us-world
http://www.theverge.com/2015/3/5/8157985/same-sex-marriage-supreme-court-tech-companies,us-world
http://www.theverge.com/2015/3/6/8164035/cia-reorganization-cybersecurity-john-brennan,us-world
http://www.theverge.com/2015/3/6/8160721/facebook-censorship-vagina-painting-france-lawsuit,us-world
http://www.theverge.com/2015/7/8/8911747/the-finest-hours-movie-disney-trailer-chris-pine,entertainment
http://www.theverge.com/2015/7/8/8910557/ant-man-movie-review-marvel-paul-rudd,entertainment
http://www.theverge.com/2015/7/8/8911021/climbing-on-stage-to-charge-your-phone-is-real-silly,entertainment
http://www.theverge.com/2015/7/8/8911465/porpentine-interactive-fiction-eczema-angel-orifice,entertainment
http://www.theverge.com/2015/7/8/8913669/goosebumps-trailer-jack-black,entertainment
http://www.theverge.com/2015/7/8/8913997/hulu-south-park-300-episodes-2019-wow,entertainment
http://www.theverge.com/2015/7/8/8911731/apple-music-review,entertainment
http://www.theverge.com/2015/7/8/8914867/the-iron-giant-signature-edition-release-brad-bird,entertainment
http://www.theverge.com/2015/7/8/8910817/sdcc-2015-dates-event-schedule,entertainment
http://www.theverge.com/2015/8/13/9148437/android-stagefright-vulnerability-disclosure-exodus-patch,tech
http://www.theverge.com/2015/8/13/9147905/samsung-galaxy-s6-note-5-gear-news-unpacked-2015,tech
http://www.theverge.com/2015/8/13/9149697/apple-diversity-report-2015,tech
http://www.theverge.com/2015/8/13/9149431/alphabet-google-corporate-tax-restructuring-liability-google-x,tech
http://www.theverge.com/2015/8/13/9149189/note-5-no-europe-launch-2015,tech
http://www.theverge.com/2015/8/13/9145379/dell-chromebook-13-laptop-price-specs,tech
http://www.theverge.com/2015/8/13/9149627/samsung-space-internet-race-satellites,tech
http://www.theverge.com/2015/8/13/9148963/windows-10-xbox-game-streaming-very-high-quality-setting,tech
http://www.theverge.com/2015/8/13/9150543/apple-internet-tv-delay-2016-network-negotiations-capacity,tech
http://www.theverge.com/2015/1/28/7930947/ebola-vaccine-human-trials-results,science
http://www.theverge.com/2015/1/29/7938003/superhydrophobic-surfaces-created-using-laser-etching,science
http://www.theverge.com/2015/1/29/7936307/charles-townes-inventor-of-laser-dies,science
http://www.theverge.com/2015/1/27/7921541/weather-science-is-imperfect-but-thats-ok,science
http://www.theverge.com/2015/1/29/7945031/genetic-discrimination-laws-us,science
http://www.theverge.com/2015/1/28/7929227/fossil-evidence-of-human-evolution-in-israel,science
http://www.theverge.com/2015/1/28/7927077/berkeley-edible-education-lecture-series,science
http://www.theverge.com/2015/1/28/7928385/google-x-multiple-sclerosis-research,science
http://www.theverge.com/2015/1/27/7925457/spider-combs-silk-threads-sticky,science
http://www.theverge.com/2015/1/28/7930047/climate-change-could-mean-massive-ocean-dead-zones,science
http://www.theverge.com/2015/7/15/8964995/reddit-free-speech-history,culture
http://www.theverge.com/2015/7/15/8972497/what-was-your-first-ever-amazon-order,culture
http://www.theverge.com/2015/7/15/8962741/sponsored-snapchats-shonduras-influencer-disclosure-rules,culture
http://www.theverge.com/2014/10/8/6945999/in-pictures-rolls-royce-goodwood-factory-tour,transportation
http://www.theverge.com/2014/10/9/6955357/this-is-tesla-s-d-an-all-wheel-drive-car-with-eyes-on-the-road,transportation
http://www.theverge.com/2014/10/1/6886301/tesla-prepares-to-unveil-new-car-and-something-else,transportation
http://www.theverge.com/2014/10/8/6945371/inside-rolls-royce-the-luxury-maker,transportation
http://www.theverge.com/2014/10/2/6894875/elon-musk-says-next-years-tesla-cars-will-be-able-to-self-drive-90-percent-of-the-time,transportation
http://www.theverge.com/2014/10/1/6882107/lamborghini-asterion-plug-in-hybrid-with-910-horsepower,transportation
http://www.theverge.com/2014/10/3/6905761/tesla-might-unveil-its-first-self-driving-features-next-week,transportation
http://www.theverge.com/2014/10/8/6949703/elon-musk-just-made-a-pretty-good-case-against-flying-cars,transportation
http://www.theverge.com/2014/10/8/6938041/portland-enlists-big-data-to-make-biking-safer,transportation
http://www.theverge.com/2013/11/4/5063970/photos-from-tokyo-designers-week-2013,design
http://www.theverge.com/2013/11/5/5068082/raymond-loewy-iconic-designs,design
http://www.theverge.com/2013/11/4/5063972/tokyo-designers-week-2013-photo-essay,design
http://www.theverge.com/2013/11/4/5064940/lumia-smart-watch,design
http://www.theverge.com/2013/10/31/5050022/little-print-shop-of-horrors-2013,design
http://www.theverge.com/2013/11/5/5068132/raymond-loewy-the-man-who-designed-everything,design
http://www.theverge.com/2013/11/6/5072720/minting-cash-how-square-designed-square-cash,design
http://www.theverge.com/2013/11/4/5063258/ponte-tower-africas-tallest-apartment-filled-garbage-film,design
http://www.theverge.com/2013/11/2/5056400/starbucks-builds-a-better-paper-cup-for-tea-drinkers,design
http://www.theverge.com/2013/11/6/5072282/circular-calendar-is-cheap-functional-art-for-your-wall,design
http://www.theverge.com/2014/9/12/6140751/apple-spent-more-than-100-million-on-the-new-u2-album,business
http://www.theverge.com/2014/9/18/6401245/uber-san-francisco-cab-use,business
http://www.theverge.com/2014/9/11/6135313/lift-labs-purchased-by-google-electronic-liftware-spoon,business
http://www.theverge.com/2014/9/16/6222179/clear-channel-changes-its-name-to-iheartmedia,business
http://www.theverge.com/2014/9/16/6221045/paypal-apple-pay-ad-at-least-were-not-icloud,business
http://www.theverge.com/2014/9/15/6152085/why-parents-love-minecraft,business
http://www.theverge.com/2014/9/16/6211187/pioneer-is-spinning-off-its-dj-hardware-business-to-focus-on-cars,business
http://www.theverge.com/2014/9/12/6141771/tesla-motors-nevada-battery-factory-tax-incentives,business
http://www.theverge.com/2014/9/12/6139855/this-ship-is-a-delivery-drone-for-the-open-sea,business
http://www.theverge.com/2014/9/17/6300093/sonys-inability-to-sell-mid-range-smartphones-is-costing-it-billions,business
http://www.theverge.com/2015/3/5/8154297/hillary-clinton-private-email-scandal,us-world
http://www.theverge.com/2015/3/4/8147015/eu-net-neutrality-proposals,us-world
http://www.theverge.com/2015/3/4/8147829/nsa-headquarters-shooter-fbi,us-world
http://www.theverge.com/2015/3/5/8152799/hillary-clinton-wants-to-release-emails-scandal,us-world
http://www.theverge.com/2015/3/4/8147405/hillary-clinton-used-own-email-server,us-world
http://www.theverge.com/2015/7/7/8908549/new-x-files-fox-first-footage-teaser,entertainment
http://www.theverge.com/2015/7/7/8909061/star-wars-han-solo-lego-movie-phil-lord-christopher-miller,entertainment
http://www.theverge.com/2015/7/8/8911177/star-wars-official-app-disney-lucasfilm-the-force-awakens,entertainment
http://www.theverge.com/2015/7/8/8911167/star-wars-anthology-han-solo-disney-original-trilogy,entertainment
http://www.theverge.com/2015/7/7/8910569/ghostbusters-ecto-1-pictures-paul-feig-twitter,entertainment
http://www.theverge.com/2015/7/7/8909553/pewdiepie-7-4-million-response-felix-kjellberg-youtube,entertainment
http://www.theverge.com/2015/8/13/9145085/samsung-galaxy-s-6-edge-plus-release-date-price-specs-video,tech
http://www.theverge.com/2015/8/13/9146141/samsung-galaxy-note-5-hands-on-images,tech
http://www.theverge.com/2015/8/13/9147239/samsung-keyboard-case-note-5-s6-edge-plus,tech
http://www.theverge.com/2015/8/13/9144397/samsung-galaxy-note-5-price-release-date-specs-video,tech
http://www.theverge.com/2015/8/13/9148361/samsung-live-broadcast-youtube-periscope-meerkat,tech
http://www.theverge.com/2015/8/13/9148103/gear-s2-smartwatch-first-look-announcement-september,tech
http://www.theverge.com/2015/8/13/9146965/samsung-pay-mobile-payment-credit-card-readers-date,tech
http://www.theverge.com/2015/8/13/9148081/galaxy-note-5-stylus-clicky-back,tech
http://www.theverge.com/2015/8/13/9148241/digit-plus-rewards-automated-savings,tech
http://www.theverge.com/2015/8/13/9148203/big-news-and-big-phones-at-samsung-galaxy-unpacked-2015,tech
http://www.theverge.com/2015/1/27/7921125/antibiotic-resistance-funding-budget-double,science
http://www.theverge.com/2015/1/26/7903677/atlas-v-rocket-launch-video,science
http://www.theverge.com/2015/1/27/7920629/chinese-officials-eat-endangered-giant-salamander-banquet,science
http://www.theverge.com/2015/1/27/7920771/laser-captured-on-video-moving-through-air-for-first-time,science
http://www.theverge.com/2015/1/26/7916125/nasa-spacex-boeing-commercial-crew-program,science
http://www.theverge.com/2015/1/26/7907767/comet-67p-is-brushing-dirt-off-its-shoulder-as-it-moves-closer-to-the,science
http://www.theverge.com/2015/1/27/7922335/watch-this-great-horned-owls-try-to-steal-a-bald-eagle-nest,science
http://www.theverge.com/2015/1/26/7908585/siblings-with-autism-different-genetic-mutations,science
http://www.theverge.com/2015/1/26/7907057/google-lunar-x-prize-milestone-prizes,science
http://www.theverge.com/2015/7/14/8965149/reddit-ama-steve-huffman-alexis-ohanian-ellen-pao-content-policy,culture
http://www.theverge.com/2015/7/15/8967477/doxxing-reddit-yishan-wong-ellen-pao-steve-huffman-alexis-ohanian,culture
http://www.theverge.com/2014/9/8/6121077/flying-jaguar-xe-makes-a-very-007-arrival-in-london,transportation
http://www.theverge.com/2014/9/7/6119553/gm-super-cruise-v2v-automated-driving,transportation
http://www.theverge.com/2014/8/27/6071767/how-to-sneak-a-tesla-into-russia-for-just-6-5-million-rubles,transportation
http://www.theverge.com/2014/10/1/6881933/volkswagen-put-a-ridiculous-motorcycle-engine-in-its-most-futuristic-car,transportation
http://www.theverge.com/2014/9/3/6102823/tesla-ev-battery-giga-factory-nevada,transportation
http://www.theverge.com/2014/8/15/6007647/tesla-improves-model-s-drive-unit-warranty-8-years-infinite-miles,transportation
http://www.theverge.com/2014/8/19/6045229/which-electric-car-should-you-buy,transportation
http://www.theverge.com/2014/9/4/6108245/tesla-confirms-its-battery-gigafactory-will-be-built-in-nevada,transportation
http://www.theverge.com/2014/9/19/6543379/tesla-model-s-firmware-6-released,transportation
http://www.theverge.com/2013/10/28/5038324/age-of-smartwatch-gadi-amit-interview-design-wearables-fitbit,design
http://www.theverge.com/2013/10/29/5042398/bang-olufsen-beolab-wireless-speakers-photos,design
http://www.theverge.com/2013/10/29/5041588/khora-image-3d-prints-your-2d-pictures,design
http://www.theverge.com/2013/10/29/5041682/motorola-project-ara-phonebloks-modular-phone,design
http://www.theverge.com/2013/10/29/5042268/bang-olufsen-wireless-technology-beolab-high-design-speakers,design
http://www.theverge.com/2013/10/30/5042534/daan-roosegaarde-vacuum-looks-to-sweep-away-china-smog-in-beijing,design
http://www.theverge.com/2013/10/29/5042328/the-skor-codex-binary-encoded-book-time-capsule-image-gallery,design
http://www.theverge.com/2013/10/27/5035802/videos-illustrate-the-evolution-of-well-known-corporate-logos,design
http://www.theverge.com/2013/10/29/5041988/book-encodes-modern-culture-into-binary-patterns-as-time-capsule-for,design
http://www.theverge.com/2013/10/28/5024608/play-robot-learning-computer-science-into-a-game,design
http://www.theverge.com/2014/9/4/6108323/lego-is-now-the-biggest-toy-company-in-the-world,business
http://www.theverge.com/2014/9/8/6120079/twitter-commerce-buy-button,business
http://www.theverge.com/2014/9/9/6127839/apple-watch-healthkit-digital-health-fitness,business
http://www.theverge.com/2014/9/4/6108377/amazonfresh-us-postal-service-trial,business
http://www.theverge.com/2014/9/10/6132153/apple-pay-was-this-weeks-most-revolutionary-product,business
http://www.theverge.com/2014/9/8/6124529/home-depot-hacked-credit-card-details-at-risk,business
http://www.theverge.com/2014/9/8/6121227/a-new-strategy-for-taxi-apps-banning-men,business
http://www.theverge.com/2014/9/5/6110761/colin-guinn-dji-3d-robotics-drone-consumer,business
http://www.theverge.com/2014/9/9/6127937/snapchat-reggie-brown-settlement,business
http://www.theverge.com/2014/9/10/6132147/twitter-flight-conference-play-nice-with-developers,business
http://www.theverge.com/2015/3/3/8139689/colorado-medical-marijuana-legal-weed-demand-high,us-world
http://www.theverge.com/2015/3/3/8143861/justice-department-report-ferguson-police-racial-bias,us-world
http://www.theverge.com/2015/3/3/8142899/netflix-net-neutrality-flipfl,us-world
http://www.theverge.com/2015/3/3/8144605/political-cartoonists-net-neutrality-bad-satire,us-world
http://www.theverge.com/2015/3/3/8139381/hillary-clinton-broke-rules-secretary-of-state-personal-email,us-world
http://www.theverge.com/2015/3/3/8141871/petraeus-pleads-guilty-sharing-classified-data,us-world
http://www.theverge.com/2015/3/2/8135205/google-jim-hood-goliath-subpoena-case-injunction,us-world
http://www.theverge.com/2015/7/7/8904069/sdcc-2015-preview-dates-what-to-expect,entertainment
http://www.theverge.com/2015/7/6/8902387/lil-wayne-tidal-free-weezy-album-cash-money-beef,entertainment
http://www.theverge.com/2015/7/7/8906991/no-mans-sky-gameplay-footage,entertainment
http://www.theverge.com/2015/7/7/8906995/sony-playstation-now-ps4-UI-update,entertainment
http://www.theverge.com/2015/7/7/8905579/microsoft-xbox-music-name-confusing,entertainment
http://www.theverge.com/2015/7/7/8904641/fear-and-loathing-clip-google-deep-dream-visualization,entertainment
http://www.theverge.com/2015/7/7/8907313/netflix-original-movie-release-date-calendar-adam-sandler-fukunaga,entertainment
http://www.theverge.com/2015/7/7/8905215/favorite-foals-song-what-went-down,entertainment
http://www.theverge.com/2015/7/7/8908265/the-simpsons-harry-shearer-returns,entertainment
http://www.theverge.com/2015/8/13/9146877/first-click-the-internot-of-things-iot-backlash,tech
http://www.theverge.com/2015/8/13/9147657/apple-boot-camp-windows-10,tech
http://www.theverge.com/2015/8/13/9147211/android-price-wars-cost-of-cheap-smartphones,tech
http://www.theverge.com/2015/8/13/9141431/robinhood-android-app-launch-free-stock-trading,tech
http://www.theverge.com/2015/1/22/7870261/us-senate-votes-climate-change-is-real-98-to-1,science
http://www.theverge.com/2015/1/22/7870707/bmj-sedentary-job-health-risks,science
http://www.theverge.com/2015/1/21/7868915/project-ara-lapka-health-sensor-concept,science
http://www.theverge.com/2015/1/26/7878735/nasa-mars-exploration-holograms-microsoft-hololens,science
http://www.theverge.com/2015/1/22/7870705/measles-outbreak-california-disneyland-vaccine-deniers,science
http://www.theverge.com/2015/1/26/7892551/kgoal-kegel-exercises-device-review,science
http://www.theverge.com/2015/1/22/7872063/rosetta-space-agency-discovering-how-comets-work,science
http://www.theverge.com/2015/1/22/7872505/vaping-high-voltage-releases-carcinogens-e-cig,science
http://www.theverge.com/2015/1/23/7879311/nasa-mars-autonomous-helicopter-drone,science
http://www.theverge.com/2015/1/23/7879785/spacex-settles-dispute-air-force,science
http://www.theverge.com/2014/7/31/5954635/teslas-us-gigafactory-will-be-operated-by-panasonics-battery-masters,transportation
http://www.theverge.com/2014/8/5/5971653/whysk-monk-transport-app,transportation
http://www.theverge.com/2014/7/31/5757312/three-maps-teslas-plan-to-blanket-the-world-in-superchargers,transportation
http://www.theverge.com/2013/2/21/4014656/volkswagen-xl1-car-gets-261-miles-per-gallon,transportation
http://www.theverge.com/2014/7/15/5903405/tesla-announces-new-smaller-electric-vehicle-named-model-3,transportation
http://www.theverge.com/2014/8/7/5975063/i-drove-the-anti-tesla-for-a-week,transportation
http://www.theverge.com/2014/7/25/5936539/elon-musk-tells-stephen-colbert-his-wild-plans-for-cars-jetpacks-charging,transportation
http://www.theverge.com/2013/10/24/5024290/nando-costa-the-new-america-short-animated-on-laser-etched-wood,design
http://www.theverge.com/2013/10/25/5029684/jony-ive-is-auctioning-a-bright-red-mac-pro-for-charity,design
http://www.theverge.com/2013/10/24/5022484/print-gifs-with-lenticular-card-gifpop,design
http://www.theverge.com/2013/10/24/5023454/amazon-giant-biodome-design-board-approval,design
http://www.theverge.com/2013/10/25/5027774/rare-gold-plated-leica-luxus-ii-auction,design
http://www.theverge.com/2013/10/27/5031628/luke-wyatt-hallucinatory-analog-visions-video-art-made-by-damaged-vcr,design
http://www.theverge.com/2013/10/25/5026700/tokyo-olympic-stadium-to-be-downscaled-architects-complain,design
http://www.theverge.com/2013/10/25/5029784/jony-ive-marc-newson-custom-items-sothbys-red-auction-image-gallery,design
http://www.theverge.com/2013/10/25/5028044/mycelium-chair,design
http://www.theverge.com/2013/10/25/5028032/this-twisted-3d-printed-chair-is-made-of-fungus,design
http://www.theverge.com/2014/9/3/6101707/cvs-has-officially-stopped-selling-all-tobacco-products,business
http://www.theverge.com/2014/9/2/6098347/home-depot-investigating-potentially-massive-credit-card-hack,business
http://www.theverge.com/2014/8/29/6082195/the-fort-knox-of-bitcoin-xapo-wences-casares,business
http://www.theverge.com/2014/9/3/6103261/meet-greatland-connections-home-of-2-5-million-former-comcast-customers,business
http://www.theverge.com/2014/8/29/6083867/lyft-releases-more-details-on-ubers-sophisticated-poaching-campaign,business
http://www.theverge.com/2014/9/3/6101827/fcc-settlment-verizon-7-4-million-privacy-investigation,business
http://www.theverge.com/2014/9/2/6097865/apple-investors-not-deterred-by-reported-icloud-hack,business
http://www.theverge.com/2014/9/3/6102377/google-calico-cure-death-1-5-billion-research-abbvie,business
http://www.theverge.com/2014/9/4/6098605/cord-app-voice-messaging-google-creative-lab,business
http://www.theverge.com/2014/8/31/6091393/anandtech-founder-anand-shimpi-retires-from-journalism-to-join-apple,business
http://www.theverge.com/2015/2/27/8123057/white-house-obama-consumer-privacy-bill-draft,us-world
http://www.theverge.com/2015/3/2/8133513/comcast-restricting-streaming-video-fcc-doj,us-world
http://www.theverge.com/2015/2/26/8116287/banksy-new-art-gaza-video,us-world
http://www.theverge.com/2015/2/28/8125671/seattle-police-body-cameras-youtube-channel,us-world
http://www.theverge.com/2015/2/27/8118279/net-neutrality-history-fdr-to-obama-title-ii,us-world
http://www.theverge.com/2015/2/26/8116867/fcc-net-neutrality-decision-explained-video,us-world
http://www.theverge.com/2015/3/2/8133133/isis-twitter-death-threats-jack-dorsey,us-world
http://www.theverge.com/2015/7/6/8902315/the-bachelorette-season-finale-kaitlyn-bristowe,entertainment
http://www.theverge.com/2015/7/6/8901831/dj-hodor-dance-song,entertainment
http://www.theverge.com/2015/7/6/8901049/dragon-ball-super-intro-new-anime-series,entertainment
http://www.theverge.com/2015/7/6/8900963/hello-kitty-movie-sanrio-2019,entertainment
http://www.theverge.com/2015/7/6/8901037/colbert-letterman-theater-marquee,entertainment
http://www.theverge.com/2015/7/6/8902079/microsoft-groove-music-features,entertainment
http://www.theverge.com/2015/7/6/8902479/paul-feig-annotates-the-new-ghostbusters-gear-to-an-extreme-degree,entertainment
http://www.theverge.com/2015/7/6/8900621/batman-arkham-knight-henchman-origins,entertainment
http://www.theverge.com/2015/7/6/8901975/ghostbusters-michael-k-williams-andy-garcia-paul-feig,entertainment
http://www.theverge.com/2015/8/13/9147089/stardock-start10-windows-10-start-menu-app,tech
http://www.theverge.com/2015/8/13/9146893/samsung-galaxy-s6-128gb-good-deal,tech
http://www.theverge.com/2015/8/13/9142541/samsung-note-5-s6-edge-plus-unpacked-event-livestream-live-blog,tech
http://www.theverge.com/2015/8/12/9146321/lenovo-layoffs-q1-2015-earnings,tech
http://www.theverge.com/2015/8/12/9144041/google-android-experiments-innovation,tech
http://www.theverge.com/2015/8/12/9145009/irobot-roomba-lawn-mower-approved,tech
http://www.theverge.com/2015/8/13/9147163/htc-job-cuts-15-percent,tech
http://www.theverge.com/2015/8/13/9146947/animation-human-siggraph-2015,tech
http://www.theverge.com/2015/1/21/7869255/x-rays-may-help-us-read-scrolls-preserved-in-vesuviuss-eruption,science
http://www.theverge.com/2015/1/21/7866849/genetically-modified-organisms-dependent-on-synthetic-amino-acids,science
http://www.theverge.com/2015/1/21/7868731/giant-squid-humboldt-camera-flashing-flickering,science
http://www.theverge.com/2015/1/20/7858001/greenpeace-names-four-activists-who-damaged-a-peruvian-heritage-site,science
http://www.theverge.com/2015/1/21/7866393/memory-enhancement-electric-shocks-while-learning,science
http://www.theverge.com/2015/1/19/7817135/snail-venom-weaponized-insulin-attack,science
http://www.theverge.com/2015/1/21/7867813/autism-oxytocin-improves-social-behavior,science
http://www.theverge.com/2015/1/21/7868635/windows-holographic-nasa-curiosity-rover,science
http://www.theverge.com/2015/7/14/8957177/mozilla-blocks-flash-as-facebook-security-chief-calls-for-its-death,culture
http://www.theverge.com/2013/10/23/4947682/banksy-cancels-wednesday-art-piece-over-police-activity,design
http://www.theverge.com/2013/10/20/4856074/handmade-furniture-uses-nothing-but-cables-and-tension-for-support,design
http://www.theverge.com/2013/10/23/4946996/the-beautiful-future-paintings-image-gallery,design
http://www.theverge.com/2013/10/23/4947144/north-korean-painters-imagine-modern-chinese-propaganda-posters,design
http://www.theverge.com/2013/10/19/4855940/watch-anthony-howes-hypnotic-3d-art-go-from-conception-to-reality,design
http://www.theverge.com/2013/10/21/4852132/history-of-apple-event-invitations-and-hints,design
http://www.theverge.com/2013/10/22/4863204/needwant-kickstarter-draft-subscription-notebook-digital-scanning,design
http://www.theverge.com/2013/10/20/4858192/cooper-hewitt-2013-awards-honor-designers-shaping-the-world,design
http://www.theverge.com/2013/10/20/4855810/artists-suicide-machines-are-designed-to-slowly-destroy-themselves,design
http://www.theverge.com/2014/8/22/6056473/yes-you-can-definitely-find-out-what-your-friends-are-posting-on,business
http://www.theverge.com/2014/8/26/6068017/acorns-app-saving-investment,business
http://www.theverge.com/2014/8/26/6067663/this-is-ubers-playbook-for-sabotaging-lyft,business
http://www.theverge.com/2014/8/27/6074079/primetime-twitch-is-bigger-the-cnn-msnbc-and-mtv,business
http://www.theverge.com/2014/8/28/6080025/microsoft-recruitment-videos,business
http://www.theverge.com/2014/8/26/6071891/apples-ios-ads-are-about-to-take-over-your-whole-screen,business
http://www.theverge.com/2014/8/27/6072757/dropbox-slashes-pricing-and-boosts-storage-as-competition-intensifies,business
http://www.theverge.com/2014/8/27/6074731/edc-publisher-left-amazon-increased-revenue,business
http://www.theverge.com/2014/8/25/6066509/why-it-makes-sense-for-amazon-to-buy-twitch,business
http://www.theverge.com/2014/8/26/6071911/snapchat-finds-investors-for-10-billion-valuation-round-report,business
http://www.theverge.com/2015/2/26/8114265/fcc-ruling-net-neutrality-victory-internet-title-ii,us-world
http://www.theverge.com/2015/2/26/8113047/fedex-ups-wont-ship-ghost-gunner-mill,us-world
http://www.theverge.com/2015/2/26/8113939/amazon-hires-former-press-secretary-jay-carney,us-world
http://www.theverge.com/2015/2/26/8116259/verizon-net-neutrality-vote-response-morse-code,us-world
http://www.theverge.com/2015/2/26/8114205/fcc-decision-municipal-broadband-internet,us-world
http://www.theverge.com/2015/2/26/8113291/paris-drone-uav-eiffel-tower-charlie-hebdo,us-world
http://www.theverge.com/2015/2/26/8115953/fcc-net-neutrality-vote-reactions,us-world
http://www.theverge.com/2015/2/26/8116401/fox-news-net-neutrality-barack-obama,us-world
http://www.theverge.com/2015/2/26/8115657/finfisher-spyware-gamma-human-rights-violation-britain-OECD,us-world
http://www.theverge.com/2015/7/3/8890415/back-to-the-future-goonies-summer-movies-1985,entertainment
http://www.theverge.com/2015/7/3/8889729/run-the-jewels-beats-1-radio-show,entertainment
http://www.theverge.com/2015/7/6/8899507/lemony-snicket-netflix-a-series-of-unfortunate-events-teaser,entertainment
http://www.theverge.com/2015/7/6/8898817/self-less-movie-review-ryan-reynolds,entertainment
http://www.theverge.com/2015/7/6/8899533/bartkira-trailer-the-simpsons-akira-anime,entertainment
http://www.theverge.com/2015/7/4/8887511/the-weekender-terminator-genisys-spacex-smart-condoms,entertainment
http://www.theverge.com/2015/7/3/8889097/robin-williams-tunnel-san-francisco-marin-county,entertainment
http://www.theverge.com/2015/7/4/8893729/minecraft-story-mode-trailer-released,entertainment
http://www.theverge.com/2015/7/3/8886085/new-trailers-steve-jobs-creed-wet-hot-american-summer-and-more,entertainment
http://www.theverge.com/2015/8/12/9141699/periscope-10-million-users,tech
http://www.theverge.com/2015/8/12/9140553/zte-axon-pro-review-2015-smartphone,tech
http://www.theverge.com/2015/8/12/9142295/motorola-moto-x-pure-edition-release-date-september-3,tech
http://www.theverge.com/2015/8/12/9134175/twitter-direct-message-character-limit,tech
http://www.theverge.com/2015/8/12/9143819/e-sports-banned-drugs,tech
http://www.theverge.com/2015/1/19/7852515/serengeti-lions-with-canine-distemper-virus,science
http://www.theverge.com/2015/1/16/7556691/facebook-artificial-intelligence-research-torch-optimization,science
http://www.theverge.com/2015/1/19/7629169/shared-genes-mental-illness-schizophrenia-depression-bipolar-pathways,science
http://www.theverge.com/2015/1/16/7569333/elon-musk-wants-to-spend-10-billion-building-the-internet-in-space,science
http://www.theverge.com/2015/1/16/7555727/nasa-beagle-2-images,science
http://www.theverge.com/2015/1/18/7727409/first-visible-sample-of-plutonium-rediscovered-in-storage,science
http://www.theverge.com/2015/1/16/7555725/beagle-2-found-12-years-after-disappearing-on-mars,science
http://www.theverge.com/2015/1/16/7557617/2014-warmest-year-record,science
http://www.theverge.com/2015/1/16/7558597/the-fda-probably-wont-regulate-your-fitness-tracker,science
http://www.theverge.com/2015/1/19/7560263/nasa-asteroid-redirect-mission-politcal-suicide,science
http://www.theverge.com/2015/7/13/8945997/sdcc-2015-independent-comics-the-devastator-small-press,culture
http://www.theverge.com/2015/7/13/8947301/john-oliver-sports-stadiums-video,culture
http://www.theverge.com/2015/7/13/8945383/sdcc-2015-day-4-heroes-reborn-tim-kring-the-vampire-diaries-ian-somerhalder,culture
http://www.theverge.com/2015/7/13/8919677/early-computer-art-computers-and-automation,culture
http://www.theverge.com/2013/10/16/4828654/bobby-mckenna-vine-interview-wierd-design,design
http://www.theverge.com/2013/10/19/4855492/francois-chambard-theremin-odd-harmonics-exhibition-new-york,design
http://www.theverge.com/2013/10/15/4840602/crazy-4-cult,design
http://www.theverge.com/2013/10/18/4852306/building-owner-asks-what-to-do-with-new-banksy,design
http://www.theverge.com/2013/10/18/4852136/dyson-is-trying-to-silence-the-hair-dryer,design
http://www.theverge.com/2013/10/18/4852024/chop-syc-kitchen-tablet-healthy-portion-control,design
http://www.theverge.com/2013/10/17/4848736/blohm-voss-zaha-hadid-luxury-yacht-design-image-gallery,design
http://www.theverge.com/2013/10/17/4848504/zaha-hadid-incredible-twisting-concept-yacht-design-blohm-voss,design
http://www.theverge.com/2013/10/15/4827874/crazy-4-cult-movie-art,design
http://www.theverge.com/2013/10/17/4847516/jingyao-guo-marketplace-poster-illustrations-kickstarter,design
http://www.theverge.com/2014/8/21/6052211/ads-are-coming-to-soundcloud,business
http://www.theverge.com/2014/8/20/6045623/tech-industry-feuds-astrology-analysis,business
http://www.theverge.com/2014/8/19/6004131/comcast-the-worst-company-in-america,business
http://www.theverge.com/2014/8/20/6051167/ups-hackers-may-have-stolen-credit-card-data-from-51-stores,business
http://www.theverge.com/2014/8/20/6050207/steve-ballmer-teaching-at-stanford-usc,business
http://www.theverge.com/2014/8/18/6031015/uber-berlin-ban-suspended,business
http://www.theverge.com/2014/8/19/6044555/elon-musks-spacex-raising-funding-10-billion-valuation,business
http://www.theverge.com/2014/8/21/6031901/startup-name-quiz,business
http://www.theverge.com/2014/8/19/6045095/uber-cornerstore-delivery-service,business
http://www.theverge.com/2014/8/19/6028059/training-materials-show-how-comcast-pushes-customer-service-reps-to,business
http://www.theverge.com/2015/2/24/8104749/hillary-clinton-fcc-net-neutrality-plan-support,us-world
http://www.theverge.com/2015/2/25/8106895/secret-service-flying-drones-white-house,us-world
http://www.theverge.com/2015/2/25/8108235/real-fbi-parks-and-recreation-chris-pratt,us-world
http://www.theverge.com/2015/2/25/8106759/revenge-porn-operator-issues-google-dmca-takedown,us-world
http://www.theverge.com/2015/2/25/8106851/chinese-government-dropping-foreign-tech,us-world
http://www.theverge.com/2015/2/25/8110521/de-blasio-net-neutrality-support,us-world
http://www.theverge.com/2015/2/25/8105501/instagram-exposes-congressman-aaron-schock-ethics,us-world
http://www.theverge.com/2015/2/25/8104239/gemalto-denies-sim-breach-nsa-gchq-spy-snowden,us-world
http://www.theverge.com/2015/2/25/8106385/eddie-ray-routh-sentenced-american-sniper-killer,us-world
http://www.theverge.com/2015/7/2/8884427/bitch-better-have-my-money-rihanna-music-video-gifs,entertainment
http://www.theverge.com/2015/7/3/8888833/afx-new-music-warp-aphex-twin,entertainment
http://www.theverge.com/2015/7/2/8883215/beats-1-radio-apple-music-zane-lowe-first-24,entertainment
http://www.theverge.com/2015/7/2/8886441/apple-music-spotify-why-to-switch,entertainment
http://www.theverge.com/2015/7/2/8879637/stars-love-itunes-new-ratings-explained-jokes-apple-music,entertainment
http://www.theverge.com/2015/7/2/8884915/batman-v-superman-bruce-wayne-batman-diana-prince-wonder-woman-photo,entertainment
http://www.theverge.com/2015/7/2/8886795/most-important-songs-verge-playlist-beach-house-vince-staples,entertainment
http://www.theverge.com/2015/7/2/8884129/batman-arkham-knight-review,entertainment
http://www.theverge.com/2015/8/11/9127805/amazon-buy-buttons-future-of-shopping,tech
http://www.theverge.com/2015/8/11/9130525/lastpass-now-free-on-mobile,tech
http://www.theverge.com/2015/8/11/9132011/twitters-periscope-copyright-transparency-report,tech
http://www.theverge.com/2015/8/11/9132649/facebook-breaking-news-app,tech
http://www.theverge.com/2015/1/13/7536635/23andme-pfizer-deal-sharing-genetic-data,science
http://www.theverge.com/2015/1/14/7537391/new-york-city-deer-problem,science
http://www.theverge.com/2015/1/15/7551365/playstation-cpu-powers-new-horizons-pluto-probe,science
http://www.theverge.com/2015/1/13/7537505/media-research-funding-US-cutting-decline-2004,science
http://www.theverge.com/2015/1/14/7544569/international-space-station-gas-leak,science
http://www.theverge.com/2015/1/14/7548147/lab-grown-muscle-contracts,science
